{"type":"FeatureCollection","version":1,"source":{"name":"ČÚZK, RÚIAN","url":"https://ags.cuzk.gov.cz/arcgis/rest/services/RUIAN/MapServer","retrievedDate":"2026-10-05","license":"CC BY 4.0","licenseUrl":"https://creativecommons.org/licenses/by/4.0/","attribution":"Hranice: ČÚZK, RÚIAN (CC BY 4.0); výběr a zjednodušení pro mapu Pizza Visi.","note":"Obce jsou zobrazeny jejich hranicemi. Pražské části obce mají v RÚIAN definiční bod, nikoli hranice; pro orientační mapu používáme stejnojmenná katastrální území pod obcí Praha. Nejde o prostorové pravidlo způsobilosti adresy k rozvozu."},"features":[{"type":"Feature","properties":{"id":"municipality-531057","name":"Beroun","code":"531057","branchIds":["beroun"],"territoryType":"municipality"},"geometry":{"type":"Polygon","coordinates":[[[14.077599,50.002189],[14.077504,50.001981],[14.074972,50.001796],[14.074464,50.00151],[14.073774,50.001259],[14.074408,50.00049],[14.074626,49.99997],[14.07574,49.999189],[14.075662,49.998091],[14.074646,49.997482],[14.07395,49.997723],[14.073317,49.998048],[14.072548,49.997413],[14.071581,49.997008],[14.071076,49.996965],[14.07053,49.997247],[14.068221,49.99757],[14.067949,49.997402],[14.066182,49.996968],[14.063717,49.996194],[14.061811,49.996122],[14.060177,49.995835],[14.058317,49.995214],[14.055468,49.993568],[14.055213,49.993293],[14.054251,49.99277],[14.053684,49.992124],[14.05389,49.991828],[14.05446,49.991659],[14.054881,49.991149],[14.054814,49.99099],[14.055017,49.990481],[14.055612,49.990007],[14.057482,49.990039],[14.059257,49.990441],[14.060692,49.990444],[14.061824,49.990303],[14.062251,49.990385],[14.062994,49.99034],[14.062893,49.990105],[14.063758,49.989917],[14.063985,49.989747],[14.063718,49.988573],[14.062891,49.988637],[14.0611,49.988525],[14.057932,49.98807],[14.056727,49.987699],[14.055637,49.987207],[14.053934,49.986171],[14.052703,49.985609],[14.051169,49.985077],[14.049964,49.984523],[14.048508,49.984304],[14.047027,49.984435],[14.046301,49.984373],[14.044945,49.984595],[14.043076,49.985085],[14.041769,49.985043],[14.039607,49.985784],[14.038995,49.986142],[14.038556,49.986225],[14.035772,49.98738],[14.035393,49.987018],[14.035354,49.986664],[14.034932,49.986634],[14.034174,49.986829],[14.033702,49.987068],[14.033162,49.987156],[14.032661,49.987095],[14.030692,49.986725],[14.031658,49.986301],[14.031911,49.985987],[14.031943,49.985496],[14.031658,49.985191],[14.031324,49.985033],[14.029953,49.98461],[14.029212,49.984579],[14.028844,49.984328],[14.028291,49.984234],[14.027344,49.984187],[14.027214,49.984458],[14.026889,49.984486],[14.026272,49.983945],[14.026057,49.984003],[14.025584,49.983848],[14.024735,49.983227],[14.023993,49.982924],[14.023633,49.982559],[14.02302,49.982268],[14.021778,49.982037],[14.022322,49.981592],[14.023544,49.98086],[14.02373,49.979582],[14.023926,49.979362],[14.024296,49.979115],[14.025369,49.978624],[14.025983,49.978542],[14.026278,49.978265],[14.027468,49.977474],[14.028607,49.976496],[14.030179,49.975712],[14.030179,49.973456],[14.030333,49.972651],[14.030752,49.972026],[14.029907,49.971425],[14.02991,49.971354],[14.030121,49.970759],[14.030209,49.970221],[14.030506,49.969606],[14.030492,49.969187],[14.030773,49.968341],[14.03229,49.966958],[14.032156,49.966321],[14.03295,49.965869],[14.032424,49.965472],[14.031719,49.964676],[14.029271,49.963007],[14.028301,49.962437],[14.028183,49.962286],[14.027989,49.961374],[14.027754,49.961086],[14.028805,49.960237],[14.031417,49.95777],[14.033002,49.956559],[14.033562,49.955985],[14.034068,49.955685],[14.034147,49.955262],[14.034274,49.955212],[14.034533,49.955493],[14.034964,49.955728],[14.036449,49.956044],[14.03665,49.955562],[14.037622,49.955849],[14.038296,49.955803],[14.039026,49.955524],[14.039881,49.95538],[14.04077,49.955043],[14.042615,49.953606],[14.043019,49.953373],[14.043323,49.953018],[14.04403,49.952423],[14.046335,49.95061],[14.048305,49.951497],[14.048781,49.951591],[14.049315,49.95155],[14.049506,49.951347],[14.050463,49.951074],[14.051453,49.94995],[14.051628,49.950031],[14.051933,49.949992],[14.051972,49.949858],[14.052197,49.949696],[14.052677,49.949631],[14.052714,49.949538],[14.053245,49.949208],[14.052545,49.948681],[14.051813,49.948268],[14.052406,49.947781],[14.05471,49.948642],[14.055414,49.948739],[14.056236,49.948852],[14.059434,49.948746],[14.058409,49.948081],[14.05853,49.948049],[14.056979,49.947613],[14.053739,49.946307],[14.052534,49.945426],[14.051205,49.944609],[14.050809,49.94419],[14.049856,49.943536],[14.04902,49.942686],[14.049645,49.942514],[14.049925,49.941542],[14.048761,49.9405],[14.048174,49.940167],[14.048047,49.939986],[14.047996,49.939776],[14.048054,49.939586],[14.04782,49.93894],[14.047893,49.938546],[14.047998,49.938491],[14.048455,49.938629],[14.050737,49.938065],[14.050924,49.936779],[14.050879,49.936232],[14.051154,49.935599],[14.051483,49.935326],[14.052731,49.934765],[14.05325,49.934236],[14.054229,49.933759],[14.056738,49.933378],[14.058609,49.933486],[14.058588,49.934365],[14.058453,49.935109],[14.060163,49.935199],[14.061116,49.935127],[14.061188,49.93537],[14.061441,49.935488],[14.061431,49.935782],[14.061069,49.935994],[14.061741,49.935947],[14.061981,49.935725],[14.062523,49.935655],[14.062668,49.935339],[14.063675,49.935397],[14.063431,49.935863],[14.062858,49.935784],[14.063754,49.93601],[14.06413,49.935481],[14.064484,49.935531],[14.064512,49.935284],[14.065328,49.935224],[14.065328,49.935096],[14.066224,49.935068],[14.066458,49.935182],[14.067069,49.935128],[14.067112,49.934989],[14.067558,49.935025],[14.067441,49.934769],[14.06859,49.934752],[14.068591,49.934396],[14.069556,49.934359],[14.069511,49.934207],[14.071085,49.934043],[14.071417,49.933954],[14.0713,49.933815],[14.072062,49.933641],[14.073072,49.933796],[14.072865,49.934851],[14.072307,49.936158],[14.072467,49.9362],[14.072079,49.937103],[14.072056,49.937389],[14.072223,49.938125],[14.072073,49.93852],[14.070897,49.939065],[14.069622,49.940328],[14.069298,49.940793],[14.069171,49.941182],[14.068878,49.941373],[14.068664,49.941663],[14.068515,49.942078],[14.068501,49.942496],[14.068585,49.94249],[14.069326,49.943599],[14.070239,49.944264],[14.070192,49.944283],[14.071092,49.944721],[14.071285,49.944886],[14.071252,49.945309],[14.071362,49.945682],[14.071618,49.946018],[14.072978,49.947129],[14.073653,49.947552],[14.074079,49.947697],[14.074121,49.947623],[14.074576,49.94762],[14.075766,49.947691],[14.075846,49.9476],[14.076717,49.947709],[14.076785,49.947567],[14.078754,49.947843],[14.079439,49.948067],[14.083226,49.948847],[14.082026,49.952152],[14.084085,49.952634],[14.084823,49.952717],[14.085059,49.953268],[14.086192,49.953176],[14.087813,49.953498],[14.088169,49.953779],[14.088705,49.953872],[14.089547,49.954448],[14.090463,49.954873],[14.090552,49.954993],[14.090658,49.955235],[14.090567,49.955731],[14.09009,49.956059],[14.089032,49.957167],[14.088395,49.957624],[14.08792,49.957822],[14.088352,49.958309],[14.088795,49.958121],[14.089715,49.958426],[14.093118,49.956957],[14.093189,49.957028],[14.096275,49.955673],[14.096324,49.95573],[14.096485,49.955589],[14.099692,49.954432],[14.100789,49.953965],[14.101824,49.953453],[14.104125,49.952037],[14.10499,49.951696],[14.106226,49.951505],[14.107919,49.951491],[14.112313,49.952782],[14.112242,49.952909],[14.112472,49.952822],[14.113359,49.95305],[14.113306,49.953066],[14.113423,49.953169],[14.113292,49.953194],[14.113398,49.953227],[14.113525,49.953244],[14.113588,49.953109],[14.11579,49.953468],[14.117511,49.953451],[14.118908,49.953175],[14.120052,49.952703],[14.120926,49.95212],[14.122107,49.950807],[14.122843,49.950251],[14.126131,49.948951],[14.127532,49.948185],[14.127849,49.948326],[14.12944,49.948575],[14.130481,49.948838],[14.130965,49.94916],[14.131039,49.949666],[14.130653,49.95005],[14.131145,49.951667],[14.131973,49.95218],[14.132594,49.952429],[14.132903,49.952355],[14.133268,49.952403],[14.133508,49.953026],[14.132962,49.95315],[14.132894,49.953287],[14.13307,49.953896],[14.133583,49.954509],[14.133681,49.954747],[14.134245,49.955172],[14.134421,49.955445],[14.134788,49.955741],[14.134953,49.956115],[14.135036,49.957014],[14.135139,49.957229],[14.135439,49.957522],[14.13589,49.957816],[14.135898,49.958223],[14.137154,49.958743],[14.137887,49.95934],[14.138393,49.959827],[14.138463,49.96036],[14.138558,49.960455],[14.140078,49.960692],[14.138851,49.960874],[14.13766,49.960839],[14.136273,49.960613],[14.13577,49.960431],[14.135451,49.960441],[14.135049,49.960296],[14.133805,49.959661],[14.13326,49.959893],[14.133175,49.959818],[14.132685,49.96001],[14.132663,49.960132],[14.132312,49.960349],[14.132297,49.960437],[14.13138,49.96053],[14.131516,49.960603],[14.131071,49.960818],[14.130859,49.960752],[14.130428,49.961051],[14.130457,49.961242],[14.130674,49.961499],[14.131141,49.961842],[14.131762,49.962154],[14.133673,49.962947],[14.133327,49.962954],[14.132797,49.962747],[14.132935,49.964358],[14.13104,49.963612],[14.130868,49.964153],[14.130663,49.964494],[14.129381,49.965593],[14.129284,49.966158],[14.129514,49.966929],[14.128659,49.966876],[14.127919,49.967152],[14.127953,49.967695],[14.128403,49.968037],[14.128374,49.968632],[14.12776,49.968922],[14.127015,49.969007],[14.125431,49.96881],[14.124863,49.968636],[14.124491,49.968096],[14.124159,49.967865],[14.123345,49.967851],[14.122362,49.96742],[14.121833,49.967371],[14.121392,49.967459],[14.121204,49.967075],[14.120728,49.966938],[14.120393,49.967096],[14.119084,49.967023],[14.118298,49.966785],[14.118549,49.965865],[14.117187,49.965926],[14.116911,49.966459],[14.114494,49.965977],[14.114811,49.965001],[14.115563,49.964754],[14.115882,49.964559],[14.116888,49.964818],[14.117142,49.964207],[14.117089,49.963557],[14.116684,49.963281],[14.116518,49.962943],[14.116506,49.962302],[14.116326,49.962163],[14.114786,49.961877],[14.114336,49.961817],[14.11374,49.961906],[14.113578,49.961813],[14.112084,49.961692],[14.111145,49.961527],[14.10948,49.961045],[14.109299,49.961413],[14.109256,49.961799],[14.109279,49.962985],[14.109405,49.963403],[14.109173,49.963669],[14.109114,49.96398],[14.109798,49.964397],[14.109768,49.964522],[14.109924,49.964627],[14.109847,49.964847],[14.110492,49.965314],[14.11034,49.965484],[14.111892,49.966655],[14.1139,49.967387],[14.114016,49.967881],[14.115166,49.968247],[14.115909,49.968702],[14.116397,49.969959],[14.116667,49.970424],[14.116855,49.971137],[14.116797,49.971277],[14.11565,49.972264],[14.114558,49.972183],[14.114101,49.972045],[14.112894,49.973957],[14.112795,49.974336],[14.112477,49.974492],[14.111958,49.974532],[14.111574,49.975177],[14.110746,49.975869],[14.110121,49.976611],[14.110033,49.976949],[14.109632,49.977496],[14.109254,49.978389],[14.108783,49.978754],[14.108,49.979563],[14.107276,49.980595],[14.106882,49.980782],[14.10603,49.981381],[14.106478,49.981726],[14.106302,49.981885],[14.10623,49.982412],[14.106282,49.982633],[14.106483,49.982706],[14.10612,49.983528],[14.1056,49.984409],[14.105532,49.984862],[14.10496,49.985526],[14.105109,49.985678],[14.104517,49.987041],[14.10458,49.987523],[14.104067,49.988038],[14.103547,49.988291],[14.103106,49.989197],[14.102888,49.989057],[14.101797,49.988821],[14.100443,49.988673],[14.099872,49.988709],[14.098604,49.988491],[14.098225,49.988549],[14.098036,49.988674],[14.097619,49.988715],[14.097363,49.989375],[14.097484,49.989706],[14.098528,49.990696],[14.100344,49.991301],[14.101698,49.991884],[14.102686,49.992107],[14.102772,49.992206],[14.102753,49.992906],[14.102356,49.994389],[14.102147,49.994901],[14.100162,49.994192],[14.098465,49.993817],[14.095832,49.992934],[14.095531,49.992915],[14.093418,49.992153],[14.092122,49.991983],[14.091158,49.991621],[14.090354,49.991154],[14.08911,49.991518],[14.088694,49.991665],[14.091388,49.994421],[14.091592,49.994757],[14.092479,49.997995],[14.092325,49.998013],[14.092185,49.998418],[14.092161,49.999935],[14.090742,49.999707],[14.090522,50.000033],[14.090553,50.001168],[14.090315,50.002034],[14.08956,50.002776],[14.089111,50.003163],[14.088512,50.003494],[14.087377,50.003585],[14.08578,50.003386],[14.085084,50.003135],[14.08292,50.002796],[14.081147,50.001619],[14.079466,50.001827],[14.078022,50.002176],[14.077599,50.002189]]]}},{"type":"Feature","properties":{"id":"municipality-531146","name":"Drahelčice","code":"531146","branchIds":["rudna"],"territoryType":"municipality"},"geometry":{"type":"Polygon","coordinates":[[[14.196804,50.035669],[14.196606,50.035228],[14.196667,50.03458],[14.194545,50.034567],[14.194392,50.035434],[14.192613,50.03522],[14.192185,50.035825],[14.188535,50.035328],[14.188653,50.03475],[14.185234,50.034429],[14.185094,50.034711],[14.182545,50.033912],[14.182713,50.033544],[14.180195,50.032952],[14.180087,50.032936],[14.179856,50.033436],[14.1772,50.032753],[14.177054,50.033021],[14.176914,50.032987],[14.175192,50.032105],[14.173631,50.031095],[14.172828,50.030446],[14.171882,50.028703],[14.169449,50.028226],[14.169052,50.028209],[14.167646,50.027747],[14.16732,50.027762],[14.166445,50.027609],[14.164836,50.027919],[14.164071,50.027887],[14.163555,50.027621],[14.163285,50.027573],[14.162714,50.027202],[14.162614,50.027217],[14.162473,50.026961],[14.162239,50.026941],[14.162234,50.026872],[14.162066,50.026968],[14.16183,50.026921],[14.161452,50.026977],[14.162806,50.025019],[14.161426,50.024577],[14.16179,50.024256],[14.162015,50.024292],[14.162313,50.024101],[14.162799,50.023619],[14.162903,50.023397],[14.163511,50.023709],[14.164058,50.023839],[14.164531,50.023748],[14.16483,50.023444],[14.166893,50.023941],[14.167534,50.022698],[14.168041,50.022038],[14.165794,50.021475],[14.164763,50.021338],[14.163792,50.02102],[14.164638,50.019865],[14.164684,50.019634],[14.165038,50.019238],[14.165616,50.018823],[14.166128,50.018703],[14.16615,50.018567],[14.166953,50.018432],[14.16925,50.018754],[14.171043,50.01886],[14.173843,50.019467],[14.176534,50.019651],[14.176552,50.019029],[14.176834,50.017065],[14.175605,50.017094],[14.172833,50.016806],[14.17309,50.015831],[14.173342,50.015798],[14.173396,50.015129],[14.17395,50.015211],[14.177471,50.016106],[14.184345,50.016904],[14.188798,50.01861],[14.187711,50.020473],[14.187124,50.021298],[14.190361,50.021942],[14.192902,50.022163],[14.192858,50.022431],[14.194222,50.022558],[14.197833,50.022506],[14.199275,50.022574],[14.199557,50.02266],[14.200028,50.024014],[14.200099,50.025373],[14.199638,50.02687],[14.199512,50.0276],[14.199161,50.028587],[14.202391,50.028786],[14.203178,50.028092],[14.205431,50.028731],[14.206634,50.028782],[14.206885,50.02816],[14.207145,50.028002],[14.207069,50.028092],[14.207202,50.028234],[14.211115,50.031054],[14.212049,50.031129],[14.213846,50.032279],[14.214507,50.032454],[14.214375,50.032465],[14.213855,50.033209],[14.213291,50.033158],[14.212891,50.035394],[14.212428,50.03548],[14.21228,50.038526],[14.209789,50.038753],[14.207585,50.03926],[14.206495,50.038344],[14.205636,50.037716],[14.205479,50.037676],[14.203183,50.038032],[14.201565,50.038149],[14.201355,50.037912],[14.20049,50.038042],[14.200169,50.036312],[14.199201,50.036287],[14.199257,50.03591],[14.197251,50.035782],[14.196804,50.035669]]]}},{"type":"Feature","properties":{"id":"municipality-531243","name":"Hýskov","code":"531243","branchIds":["beroun"],"territoryType":"municipality"},"geometry":{"type":"Polygon","coordinates":[[[14.040489,50.012668],[14.037373,50.011881],[14.037169,50.010895],[14.036678,50.010934],[14.036689,50.010014],[14.036756,50.009477],[14.03695,50.008847],[14.036929,50.008403],[14.036342,50.007106],[14.036204,50.006479],[14.036345,50.005801],[14.036223,50.005428],[14.035896,50.004895],[14.034965,50.004654],[14.03504,50.004485],[14.034352,50.004194],[14.03328,50.003972],[14.032803,50.003751],[14.031866,50.002764],[14.031402,50.002446],[14.030038,50.002397],[14.028279,50.002747],[14.028074,50.002712],[14.027791,50.002439],[14.026269,50.001889],[14.025398,50.000462],[14.027607,50.000204],[14.030796,49.999177],[14.03132,49.999104],[14.031642,49.998602],[14.031623,49.998348],[14.03025,49.996616],[14.028866,49.996134],[14.027956,49.995575],[14.027738,49.995324],[14.026434,49.994758],[14.026743,49.994439],[14.028031,49.993569],[14.029783,49.992702],[14.02927,49.99235],[14.030608,49.990745],[14.031012,49.990465],[14.031903,49.990208],[14.033772,49.990166],[14.035524,49.989954],[14.036018,49.987863],[14.03616,49.987721],[14.035772,49.98738],[14.038556,49.986225],[14.038995,49.986142],[14.039607,49.985784],[14.041769,49.985043],[14.043076,49.985085],[14.044945,49.984595],[14.046301,49.984373],[14.047027,49.984435],[14.048508,49.984304],[14.04909,49.984345],[14.049964,49.984523],[14.051169,49.985077],[14.053358,49.985874],[14.055637,49.987207],[14.056727,49.987699],[14.057932,49.98807],[14.0611,49.988525],[14.062891,49.988637],[14.063718,49.988573],[14.063985,49.989747],[14.063758,49.989917],[14.062893,49.990105],[14.062994,49.99034],[14.062251,49.990385],[14.061824,49.990303],[14.060692,49.990444],[14.059257,49.990441],[14.057482,49.990039],[14.055612,49.990007],[14.055017,49.990481],[14.054814,49.99099],[14.054881,49.991149],[14.05446,49.991659],[14.05389,49.991828],[14.053684,49.992124],[14.054251,49.99277],[14.055213,49.993293],[14.055468,49.993568],[14.058317,49.995214],[14.060177,49.995835],[14.061811,49.996122],[14.063717,49.996194],[14.066182,49.996968],[14.067949,49.997402],[14.068221,49.99757],[14.07053,49.997247],[14.071076,49.996965],[14.071581,49.997008],[14.072548,49.997413],[14.073317,49.998048],[14.07395,49.997723],[14.074646,49.997482],[14.075662,49.998091],[14.07574,49.999189],[14.074626,49.99997],[14.074408,50.00049],[14.073774,50.001259],[14.074464,50.00151],[14.074972,50.001796],[14.077504,50.001981],[14.077599,50.002189],[14.077857,50.00341],[14.07772,50.004124],[14.076689,50.004998],[14.076156,50.005299],[14.075421,50.005046],[14.074072,50.004791],[14.072433,50.004295],[14.071722,50.004235],[14.070984,50.005038],[14.070796,50.005517],[14.07027,50.006001],[14.069823,50.006253],[14.069311,50.00614],[14.067068,50.005347],[14.065898,50.00505],[14.065227,50.005214],[14.064364,50.005559],[14.062875,50.005513],[14.062344,50.005747],[14.062097,50.006004],[14.06118,50.005645],[14.060334,50.005683],[14.060352,50.006105],[14.060634,50.006676],[14.059893,50.007055],[14.059508,50.007018],[14.058435,50.007601],[14.056931,50.008252],[14.056273,50.008666],[14.05628,50.00897],[14.056637,50.009316],[14.057169,50.009599],[14.057177,50.009819],[14.057427,50.010063],[14.056012,50.010948],[14.055401,50.01085],[14.054465,50.010474],[14.053989,50.0104],[14.052656,50.009791],[14.050346,50.009812],[14.048468,50.010191],[14.04728,50.01025],[14.046004,50.010549],[14.045013,50.010981],[14.043455,50.012163],[14.04203,50.013037],[14.040489,50.012668]]]}},{"type":"Feature","properties":{"id":"municipality-531618","name":"Nučice","code":"531618","branchIds":["rudna"],"territoryType":"municipality"},"geometry":{"type":"Polygon","coordinates":[[[14.231676,50.030778],[14.231107,50.030472],[14.230034,50.029569],[14.229923,50.029309],[14.229974,50.0282],[14.229881,50.027789],[14.229512,50.027232],[14.2279,50.026943],[14.227902,50.026718],[14.227481,50.026407],[14.226922,50.025625],[14.227669,50.025031],[14.22595,50.024583],[14.224361,50.024273],[14.224189,50.024119],[14.223003,50.023818],[14.222749,50.023573],[14.222344,50.023425],[14.221311,50.023183],[14.221165,50.023408],[14.218548,50.022735],[14.218452,50.022472],[14.216308,50.021833],[14.216006,50.021556],[14.215696,50.021085],[14.215738,50.020769],[14.215568,50.02064],[14.215449,50.020339],[14.214931,50.020184],[14.214681,50.020235],[14.208588,50.020125],[14.20837,50.020199],[14.206882,50.020037],[14.207239,50.017296],[14.205464,50.017042],[14.205432,50.017223],[14.204624,50.01704],[14.204218,50.016832],[14.203934,50.016363],[14.203571,50.016367],[14.203589,50.016463],[14.2032,50.016603],[14.203196,50.016751],[14.202741,50.016713],[14.202059,50.016464],[14.202056,50.01622],[14.201321,50.015856],[14.200877,50.015139],[14.200816,50.015149],[14.200535,50.014529],[14.200096,50.014048],[14.196717,50.013484],[14.195809,50.014842],[14.194249,50.013703],[14.193456,50.014142],[14.19327,50.014351],[14.193267,50.014469],[14.192843,50.014771],[14.192692,50.0151],[14.190837,50.014115],[14.188917,50.013487],[14.187903,50.013061],[14.186156,50.011952],[14.184916,50.011548],[14.184113,50.011197],[14.184228,50.011149],[14.184268,50.010879],[14.181303,50.009007],[14.180856,50.008643],[14.180178,50.008275],[14.180341,50.008054],[14.181054,50.008264],[14.181747,50.008696],[14.182469,50.008937],[14.183044,50.009286],[14.183697,50.009834],[14.185042,50.010479],[14.18544,50.010596],[14.185677,50.010455],[14.184708,50.009851],[14.183297,50.008767],[14.182558,50.008811],[14.182445,50.00872],[14.182705,50.008218],[14.182512,50.008092],[14.182193,50.008094],[14.180514,50.00748],[14.179651,50.006859],[14.179306,50.006804],[14.178968,50.006635],[14.178902,50.006497],[14.178616,50.006406],[14.178549,50.006276],[14.176869,50.005325],[14.175831,50.00463],[14.176486,50.003898],[14.178167,50.002578],[14.179001,50.003083],[14.181446,50.003876],[14.182093,50.004001],[14.182807,50.00357],[14.183752,50.003187],[14.185076,50.002818],[14.185674,50.002821],[14.186347,50.002621],[14.187573,50.001549],[14.188707,50.000708],[14.189677,49.999505],[14.191285,49.999951],[14.194419,50.000261],[14.194875,50.000236],[14.19494,50.000099],[14.196327,49.999977],[14.197782,50.000178],[14.200248,50.000894],[14.200202,50.001388],[14.198354,50.001643],[14.195815,50.001215],[14.194799,50.001135],[14.193288,50.002381],[14.192722,50.003218],[14.192177,50.004213],[14.191923,50.00588],[14.195215,50.007316],[14.195603,50.00771],[14.196398,50.007812],[14.196416,50.00788],[14.197776,50.007883],[14.199525,50.007758],[14.200305,50.008178],[14.201434,50.008211],[14.203069,50.007646],[14.203133,50.008515],[14.205428,50.008081],[14.207262,50.008154],[14.207171,50.008558],[14.208159,50.008839],[14.209952,50.00911],[14.212056,50.009254],[14.211551,50.010908],[14.211309,50.011437],[14.214301,50.011966],[14.21443,50.011556],[14.217256,50.011332],[14.216887,50.010386],[14.21663,50.009366],[14.216899,50.00932],[14.216674,50.008796],[14.218889,50.008307],[14.21912,50.008916],[14.217333,50.009421],[14.21769,50.009641],[14.217835,50.009879],[14.219386,50.009424],[14.219549,50.009692],[14.217965,50.01013],[14.21854,50.010989],[14.219825,50.01065],[14.219716,50.010495],[14.221938,50.009855],[14.223377,50.00532],[14.225178,50.005561],[14.225271,50.00611],[14.225828,50.006991],[14.228959,50.007592],[14.228517,50.0094],[14.228479,50.010023],[14.228896,50.01037],[14.228995,50.01059],[14.229079,50.012467],[14.228882,50.012848],[14.228805,50.01345],[14.229139,50.015307],[14.231458,50.01523],[14.232243,50.015097],[14.232452,50.015489],[14.233611,50.015356],[14.23365,50.015667],[14.233913,50.016374],[14.233299,50.016482],[14.232892,50.017185],[14.233399,50.017239],[14.23395,50.017106],[14.234092,50.017376],[14.235201,50.018052],[14.235724,50.018528],[14.237584,50.019813],[14.240496,50.020422],[14.244603,50.020746],[14.244653,50.020854],[14.245129,50.021184],[14.246362,50.0215],[14.247742,50.021745],[14.249633,50.022282],[14.249294,50.023783],[14.249152,50.024009],[14.249043,50.023983],[14.248615,50.024653],[14.247773,50.024432],[14.247649,50.024718],[14.247272,50.026596],[14.24923,50.026785],[14.249076,50.027701],[14.24468,50.027232],[14.244426,50.02873],[14.243122,50.028393],[14.242856,50.029101],[14.240939,50.028868],[14.240334,50.030581],[14.24021,50.03069],[14.238146,50.031022],[14.236614,50.031534],[14.236071,50.031574],[14.23602,50.031462],[14.233031,50.030932],[14.231676,50.030778]]]}},{"type":"Feature","properties":{"id":"municipality-531723","name":"Rudná","code":"531723","branchIds":["rudna"],"territoryType":"municipality"},"geometry":{"type":"Polygon","coordinates":[[[14.215205,50.050937],[14.215277,50.050943],[14.21523,50.05066],[14.214718,50.049164],[14.21462,50.047975],[14.213937,50.04788],[14.213918,50.046345],[14.212405,50.046252],[14.212336,50.044253],[14.212396,50.042481],[14.213425,50.042629],[14.21427,50.040978],[14.213203,50.040718],[14.211619,50.040541],[14.211396,50.038623],[14.21228,50.038526],[14.212428,50.03548],[14.212891,50.035394],[14.213291,50.033158],[14.213855,50.033209],[14.214375,50.032465],[14.214507,50.032454],[14.213846,50.032279],[14.212049,50.031129],[14.211115,50.031054],[14.207202,50.028234],[14.207069,50.028092],[14.207145,50.028002],[14.206885,50.02816],[14.206634,50.028782],[14.205431,50.028731],[14.203178,50.028092],[14.202391,50.028786],[14.199161,50.028587],[14.199512,50.0276],[14.199638,50.02687],[14.200099,50.025373],[14.200028,50.024014],[14.199557,50.02266],[14.199275,50.022574],[14.197833,50.022506],[14.194222,50.022558],[14.192858,50.022431],[14.192902,50.022163],[14.190361,50.021942],[14.187124,50.021298],[14.187711,50.020473],[14.188898,50.018359],[14.189222,50.018105],[14.188938,50.017885],[14.189539,50.017452],[14.189482,50.017435],[14.189794,50.017122],[14.190231,50.016871],[14.190283,50.016735],[14.189825,50.016438],[14.189384,50.015737],[14.189382,50.015302],[14.189565,50.015045],[14.191338,50.015674],[14.191951,50.015185],[14.192692,50.0151],[14.192843,50.014771],[14.193267,50.014469],[14.19327,50.014351],[14.193456,50.014142],[14.194249,50.013703],[14.195809,50.014842],[14.196717,50.013484],[14.200096,50.014048],[14.200535,50.014529],[14.200816,50.015149],[14.200877,50.015139],[14.201321,50.015856],[14.202056,50.01622],[14.202059,50.016464],[14.202741,50.016713],[14.203196,50.016751],[14.2032,50.016603],[14.203589,50.016463],[14.203571,50.016367],[14.203934,50.016363],[14.204218,50.016832],[14.204624,50.01704],[14.205432,50.017223],[14.205464,50.017042],[14.207239,50.017296],[14.206882,50.020037],[14.20837,50.020199],[14.208588,50.020125],[14.214681,50.020235],[14.214931,50.020184],[14.215449,50.020339],[14.215568,50.02064],[14.215738,50.020769],[14.215696,50.021085],[14.216006,50.021556],[14.216308,50.021833],[14.218452,50.022472],[14.218548,50.022735],[14.221165,50.023408],[14.221311,50.023183],[14.222344,50.023425],[14.222749,50.023573],[14.223003,50.023818],[14.224189,50.024119],[14.224361,50.024273],[14.22595,50.024583],[14.227669,50.025031],[14.226922,50.025625],[14.227481,50.026407],[14.227902,50.026718],[14.2279,50.026943],[14.229512,50.027232],[14.229881,50.027789],[14.229974,50.0282],[14.229923,50.029309],[14.230034,50.029569],[14.231107,50.030472],[14.231676,50.030778],[14.233031,50.030932],[14.23602,50.031462],[14.236071,50.031574],[14.236856,50.031473],[14.238146,50.031022],[14.240788,50.030628],[14.24317,50.030676],[14.245348,50.03085],[14.245078,50.031715],[14.244115,50.03394],[14.243873,50.034358],[14.243541,50.034302],[14.244696,50.034628],[14.246443,50.035366],[14.247501,50.035587],[14.248207,50.035648],[14.245359,50.040019],[14.245769,50.04013],[14.244379,50.042873],[14.240804,50.048337],[14.239436,50.050615],[14.2382,50.053072],[14.237798,50.053632],[14.237102,50.053449],[14.235866,50.055523],[14.235117,50.055357],[14.235742,50.054388],[14.234445,50.053908],[14.23351,50.053439],[14.232151,50.053147],[14.229845,50.052975],[14.229678,50.053369],[14.229353,50.053353],[14.229314,50.053475],[14.22817,50.053419],[14.228225,50.052553],[14.228496,50.051541],[14.230577,50.051886],[14.230784,50.051463],[14.230949,50.050027],[14.230079,50.049936],[14.229186,50.050014],[14.227908,50.050272],[14.226432,50.050682],[14.226383,50.052446],[14.223327,50.052166],[14.218814,50.052011],[14.218778,50.052524],[14.218919,50.053472],[14.217172,50.0535],[14.217077,50.05283],[14.212954,50.053487],[14.212361,50.053169],[14.212556,50.052494],[14.212546,50.052055],[14.212386,50.051541],[14.214347,50.051105],[14.215221,50.051015],[14.215205,50.050937]]]}},{"type":"Feature","properties":{"id":"municipality-531821","name":"Tachlovice","code":"531821","branchIds":["rudna"],"territoryType":"municipality"},"geometry":{"type":"Polygon","coordinates":[[[14.230339,50.015277],[14.229139,50.015307],[14.228956,50.014089],[14.228894,50.014088],[14.228813,50.013266],[14.228882,50.012848],[14.229079,50.012467],[14.228995,50.01059],[14.228896,50.01037],[14.228479,50.010023],[14.228479,50.009868],[14.228517,50.0094],[14.228959,50.007592],[14.225828,50.006991],[14.225271,50.00611],[14.225178,50.005561],[14.225329,50.004691],[14.226044,50.004743],[14.22676,50.002488],[14.227856,50.002665],[14.228944,50.003019],[14.229936,50.003076],[14.229826,50.002454],[14.22976,50.002304],[14.227219,50.001779],[14.226175,50.001695],[14.224653,50.001707],[14.224339,50.001059],[14.226135,50.000994],[14.226181,49.999476],[14.226507,49.997339],[14.22838,49.997408],[14.227444,49.996848],[14.224573,49.995554],[14.224249,49.995973],[14.224233,49.996809],[14.224148,49.997081],[14.223288,49.996951],[14.221648,49.99697],[14.221257,49.995869],[14.219896,49.995985],[14.219828,49.995884],[14.21919,49.9956],[14.21829,49.995303],[14.217476,49.993744],[14.217069,49.99228],[14.220013,49.991871],[14.223187,49.991618],[14.222971,49.99014],[14.220527,49.990255],[14.220183,49.989021],[14.221311,49.988938],[14.223893,49.988529],[14.225279,49.988425],[14.225291,49.988825],[14.22553,49.989754],[14.225549,49.990506],[14.227992,49.990549],[14.230513,49.990894],[14.230936,49.989775],[14.231186,49.988807],[14.231573,49.988136],[14.232064,49.987772],[14.232785,49.987802],[14.233082,49.986982],[14.235034,49.986853],[14.235123,49.987059],[14.235828,49.987025],[14.235634,49.986305],[14.235161,49.985655],[14.236008,49.985658],[14.236276,49.985352],[14.237079,49.985598],[14.237443,49.985559],[14.237589,49.985649],[14.239596,49.986113],[14.240006,49.987425],[14.240536,49.987979],[14.240401,49.989114],[14.24147,49.989198],[14.242383,49.989564],[14.242146,49.990907],[14.241837,49.991029],[14.241806,49.99135],[14.242296,49.992079],[14.24331,49.994153],[14.244098,49.994524],[14.244604,49.994897],[14.245316,49.995206],[14.245913,49.995158],[14.247068,49.995222],[14.247718,49.995707],[14.252047,49.996172],[14.252153,49.995889],[14.252229,49.995871],[14.253853,49.995839],[14.254407,49.996021],[14.255161,49.996142],[14.254623,49.99717],[14.256024,49.997328],[14.255958,49.998044],[14.256603,49.999146],[14.257665,49.998818],[14.260672,49.997539],[14.26188,49.997406],[14.262597,49.998375],[14.263554,49.998073],[14.263685,49.998242],[14.264959,49.99811],[14.265124,49.998404],[14.265225,49.998706],[14.265185,49.998896],[14.263213,49.999294],[14.263134,49.999599],[14.262803,49.999807],[14.259865,50.000186],[14.258905,50.000641],[14.25913,50.001036],[14.259043,50.001212],[14.256562,50.00219],[14.255551,50.003404],[14.256159,50.004181],[14.256519,50.006263],[14.256189,50.006613],[14.255569,50.006957],[14.255136,50.007346],[14.255178,50.008796],[14.254422,50.00877],[14.25432,50.00905],[14.252396,50.009014],[14.249678,50.009305],[14.250899,50.010228],[14.250678,50.010433],[14.250342,50.010488],[14.251784,50.011137],[14.250137,50.012622],[14.251427,50.013187],[14.251382,50.013415],[14.250644,50.014435],[14.250153,50.014238],[14.249536,50.015262],[14.250796,50.015607],[14.250183,50.016499],[14.250398,50.016588],[14.250069,50.017047],[14.250732,50.017318],[14.249882,50.018112],[14.248832,50.017846],[14.248694,50.017967],[14.247565,50.020965],[14.247981,50.021069],[14.247733,50.021766],[14.245129,50.021184],[14.244653,50.020854],[14.244603,50.020746],[14.240496,50.020422],[14.237465,50.01977],[14.237027,50.019368],[14.235724,50.018528],[14.235201,50.018052],[14.234092,50.017376],[14.23395,50.017106],[14.233399,50.017239],[14.232892,50.017185],[14.233299,50.016482],[14.233913,50.016374],[14.23365,50.015667],[14.233611,50.015356],[14.232452,50.015489],[14.232243,50.015097],[14.231458,50.01523],[14.230339,50.015277]]]}},{"type":"Feature","properties":{"id":"municipality-531839","name":"Tetín","code":"531839","branchIds":["beroun"],"territoryType":"municipality"},"geometry":{"type":"Polygon","coordinates":[[[14.088107,49.958008],[14.08792,49.957822],[14.088395,49.957624],[14.089032,49.957167],[14.09009,49.956059],[14.090567,49.955731],[14.090658,49.955235],[14.090552,49.954993],[14.090463,49.954873],[14.089547,49.954448],[14.088705,49.953872],[14.088169,49.953779],[14.087813,49.953498],[14.086192,49.953176],[14.085059,49.953268],[14.084823,49.952717],[14.084085,49.952634],[14.082026,49.952152],[14.083226,49.948847],[14.079439,49.948067],[14.078754,49.947843],[14.076785,49.947567],[14.076717,49.947709],[14.075846,49.9476],[14.075766,49.947691],[14.074576,49.94762],[14.074121,49.947623],[14.074079,49.947697],[14.073653,49.947552],[14.072978,49.947129],[14.071618,49.946018],[14.071362,49.945682],[14.071252,49.945309],[14.071285,49.944886],[14.071092,49.944721],[14.070192,49.944283],[14.070239,49.944264],[14.069326,49.943599],[14.068585,49.94249],[14.068501,49.942496],[14.068515,49.942078],[14.068664,49.941663],[14.068878,49.941373],[14.069171,49.941182],[14.069298,49.940793],[14.069622,49.940328],[14.070897,49.939065],[14.072073,49.93852],[14.072223,49.938125],[14.072056,49.937389],[14.072079,49.937103],[14.072467,49.9362],[14.072307,49.936158],[14.072702,49.935308],[14.073016,49.934332],[14.073089,49.93362],[14.073246,49.933626],[14.07326,49.933507],[14.075034,49.933616],[14.075392,49.933065],[14.074627,49.932959],[14.076254,49.931125],[14.079437,49.932062],[14.080288,49.931436],[14.080451,49.931131],[14.082617,49.931703],[14.084733,49.932423],[14.084927,49.931841],[14.084903,49.931356],[14.085015,49.930978],[14.085405,49.930192],[14.085952,49.929476],[14.086236,49.928921],[14.086333,49.928557],[14.086374,49.927646],[14.086499,49.927329],[14.086862,49.927414],[14.08806,49.926353],[14.088164,49.926097],[14.090294,49.926151],[14.092025,49.92632],[14.094992,49.926801],[14.094755,49.927652],[14.09609,49.927946],[14.096962,49.928513],[14.096888,49.929095],[14.097108,49.930349],[14.097685,49.931616],[14.097665,49.931784],[14.097475,49.932132],[14.096537,49.933046],[14.096054,49.933761],[14.097414,49.933805],[14.100137,49.933585],[14.101761,49.933257],[14.104617,49.932909],[14.105302,49.932977],[14.106137,49.932366],[14.106759,49.932268],[14.108602,49.931063],[14.108704,49.930598],[14.108857,49.930407],[14.11049,49.930025],[14.110028,49.929249],[14.109765,49.928978],[14.108684,49.928309],[14.109091,49.928251],[14.110688,49.92871],[14.111204,49.929226],[14.111524,49.92938],[14.11172,49.929761],[14.112768,49.9301],[14.114223,49.930199],[14.114785,49.930056],[14.115804,49.929628],[14.118402,49.928949],[14.119853,49.928352],[14.121475,49.927886],[14.122205,49.927769],[14.123331,49.926647],[14.124354,49.925882],[14.124547,49.925621],[14.126996,49.926946],[14.128551,49.927173],[14.129903,49.928562],[14.130534,49.92943],[14.131303,49.93004],[14.131722,49.930552],[14.133115,49.931289],[14.133667,49.931346],[14.13338,49.931628],[14.132284,49.931444],[14.1314,49.931168],[14.130712,49.932101],[14.12877,49.931662],[14.127249,49.931518],[14.127611,49.93172],[14.127511,49.931726],[14.127189,49.931507],[14.126503,49.931444],[14.126019,49.931297],[14.125849,49.931559],[14.126061,49.931603],[14.125848,49.931594],[14.12593,49.932106],[14.126423,49.932245],[14.127661,49.932345],[14.127793,49.932275],[14.129404,49.932667],[14.130398,49.933104],[14.130561,49.933651],[14.130494,49.933825],[14.130569,49.934107],[14.130522,49.934325],[14.130641,49.93452],[14.130659,49.934918],[14.129443,49.934757],[14.129544,49.935247],[14.129502,49.935594],[14.129665,49.935746],[14.129858,49.93652],[14.12944,49.93706],[14.129415,49.938173],[14.130404,49.9383],[14.13009,49.939048],[14.130073,49.939488],[14.130651,49.939856],[14.129727,49.942633],[14.129542,49.9435],[14.129524,49.943985],[14.129115,49.945066],[14.128682,49.945909],[14.1277,49.946812],[14.126354,49.947579],[14.127494,49.948201],[14.126131,49.948951],[14.122843,49.950251],[14.122107,49.950807],[14.120926,49.95212],[14.120309,49.952556],[14.11924,49.953064],[14.118484,49.953289],[14.117511,49.953451],[14.116186,49.953495],[14.113588,49.953109],[14.113525,49.953244],[14.113398,49.953227],[14.113292,49.953194],[14.113423,49.953169],[14.113306,49.953066],[14.113359,49.95305],[14.112472,49.952822],[14.112242,49.952909],[14.112313,49.952782],[14.107919,49.951491],[14.106226,49.951505],[14.105458,49.951606],[14.104799,49.951742],[14.104125,49.952037],[14.101824,49.953453],[14.100004,49.954305],[14.096485,49.955589],[14.096324,49.95573],[14.096275,49.955673],[14.093189,49.957028],[14.093118,49.956957],[14.089715,49.958426],[14.088795,49.958121],[14.088352,49.958309],[14.088107,49.958008]]]}},{"type":"Feature","properties":{"id":"municipality-531944","name":"Vráž","code":"531944","branchIds":["beroun"],"territoryType":"municipality"},"geometry":{"type":"Polygon","coordinates":[[[14.103106,49.989197],[14.103547,49.988291],[14.104067,49.988038],[14.10458,49.987523],[14.104517,49.987041],[14.105109,49.985678],[14.10496,49.985526],[14.105532,49.984862],[14.1056,49.984409],[14.10612,49.983528],[14.106483,49.982706],[14.106282,49.982633],[14.10623,49.982412],[14.106302,49.981885],[14.106478,49.981726],[14.10603,49.981381],[14.106882,49.980782],[14.107276,49.980595],[14.108,49.979563],[14.108783,49.978754],[14.109254,49.978389],[14.109632,49.977496],[14.110033,49.976949],[14.110121,49.976611],[14.110746,49.975869],[14.111574,49.975177],[14.111958,49.974532],[14.112477,49.974492],[14.112795,49.974336],[14.112894,49.973957],[14.114101,49.972045],[14.114558,49.972183],[14.11565,49.972264],[14.116538,49.971458],[14.116683,49.971695],[14.117577,49.972356],[14.118285,49.973039],[14.120463,49.974529],[14.121018,49.975437],[14.122816,49.976755],[14.12714,49.978688],[14.128426,49.979037],[14.129539,49.979118],[14.130655,49.979034],[14.131068,49.979249],[14.131277,49.978988],[14.132074,49.979299],[14.132599,49.979729],[14.134188,49.979802],[14.13399,49.980122],[14.134831,49.980457],[14.13624,49.980798],[14.137236,49.981211],[14.138085,49.981252],[14.138731,49.981563],[14.138582,49.981747],[14.139107,49.981739],[14.139945,49.981908],[14.140907,49.98191],[14.142623,49.982401],[14.143011,49.982413],[14.143974,49.982636],[14.144883,49.983013],[14.145292,49.982994],[14.145687,49.983213],[14.146003,49.983136],[14.146449,49.983305],[14.146954,49.983338],[14.147857,49.983732],[14.147899,49.983914],[14.147803,49.984169],[14.14792,49.984361],[14.148211,49.98455],[14.149094,49.984591],[14.149593,49.984785],[14.149105,49.985337],[14.149188,49.985691],[14.149569,49.986387],[14.149499,49.98676],[14.149129,49.987477],[14.149131,49.98769],[14.149479,49.988359],[14.150671,49.989766],[14.150773,49.99025],[14.151024,49.99062],[14.150878,49.99059],[14.148477,49.988804],[14.147509,49.988411],[14.146572,49.988232],[14.143489,49.988135],[14.142036,49.987884],[14.143619,49.988797],[14.144604,49.989214],[14.147901,49.990081],[14.149555,49.99044],[14.150482,49.99055],[14.150643,49.990615],[14.150494,49.990941],[14.15032,49.991113],[14.151687,49.991383],[14.151468,49.99159],[14.151351,49.991536],[14.151142,49.991758],[14.14621,49.990499],[14.144318,49.989938],[14.144158,49.989973],[14.14398,49.990728],[14.144918,49.991482],[14.144733,49.991746],[14.145062,49.992072],[14.144341,49.992882],[14.143166,49.992401],[14.142962,49.992487],[14.143557,49.992938],[14.143835,49.993368],[14.145219,49.993959],[14.14658,49.99444],[14.148547,49.994753],[14.147771,49.995666],[14.148103,49.996306],[14.148949,49.996961],[14.150669,49.997639],[14.151335,49.997768],[14.151676,49.998006],[14.150797,49.998796],[14.151493,49.999226],[14.15167,49.999414],[14.152164,49.999338],[14.151884,49.999818],[14.151351,49.999841],[14.150866,49.999748],[14.15063,49.999834],[14.149458,49.999743],[14.146097,49.999335],[14.145214,49.999051],[14.144568,49.998721],[14.143421,49.997891],[14.14254,49.997489],[14.14172,49.997393],[14.140163,49.997764],[14.13798,49.997778],[14.137145,49.99766],[14.136415,49.999945],[14.133659,49.999153],[14.133218,49.99871],[14.130777,49.998265],[14.130185,49.998248],[14.129537,49.998082],[14.129055,49.998092],[14.126409,49.99768],[14.125834,49.997927],[14.124583,49.998179],[14.122464,49.99845],[14.121252,49.998696],[14.119743,49.99854],[14.117774,49.99868],[14.117329,49.99819],[14.115867,49.997546],[14.1129,49.995876],[14.112347,49.995198],[14.112063,49.994691],[14.111727,49.993585],[14.111715,49.993003],[14.111486,49.992031],[14.111149,49.991592],[14.108544,49.990434],[14.103971,49.989248],[14.103106,49.989197]]]}},{"type":"Feature","properties":{"id":"municipality-531961","name":"Vysoký Újezd","code":"531961","branchIds":["rudna"],"territoryType":"municipality"},"geometry":{"type":"MultiPolygon","coordinates":[[[[14.178167,50.002578],[14.17821,50.002537],[14.176372,50.001535],[14.177491,50.001164],[14.178729,50.001147],[14.179223,50.001026],[14.179744,50.000532],[14.179931,49.999622],[14.180295,49.999243],[14.182311,49.998083],[14.182564,49.997399],[14.182805,49.997094],[14.182435,49.996994],[14.180816,49.995881],[14.180512,49.996081],[14.177684,49.995626],[14.176069,49.994986],[14.174818,49.994357],[14.17356,49.993328],[14.173791,49.992428],[14.174468,49.991943],[14.174858,49.991405],[14.174256,49.991197],[14.173047,49.990955],[14.172355,49.990557],[14.171087,49.990178],[14.170778,49.989974],[14.170796,49.989875],[14.169492,49.989759],[14.170891,49.989294],[14.170785,49.988828],[14.170821,49.988545],[14.172751,49.988688],[14.173949,49.988954],[14.173956,49.989091],[14.176268,49.989561],[14.176796,49.989808],[14.178065,49.990082],[14.178396,49.989911],[14.17924,49.989797],[14.180647,49.989985],[14.182176,49.990368],[14.182773,49.990618],[14.183537,49.991311],[14.184544,49.991793],[14.186644,49.991958],[14.188663,49.990603],[14.192069,49.991919],[14.192969,49.991937],[14.19407,49.991445],[14.192011,49.99061],[14.19276,49.990264],[14.193828,49.989923],[14.1941,49.990513],[14.195843,49.990357],[14.195774,49.98978],[14.195983,49.989541],[14.196097,49.988907],[14.196052,49.988534],[14.197139,49.988438],[14.199384,49.988489],[14.19937,49.98811],[14.200945,49.988037],[14.200938,49.987344],[14.202312,49.987448],[14.202273,49.987929],[14.203295,49.987993],[14.205281,49.988375],[14.206937,49.988541],[14.209153,49.989073],[14.20953,49.988387],[14.209963,49.987905],[14.209322,49.987793],[14.209269,49.986708],[14.211075,49.986918],[14.211108,49.986766],[14.210949,49.986142],[14.210536,49.985537],[14.211473,49.985117],[14.212572,49.985214],[14.21291,49.984378],[14.213444,49.983617],[14.213635,49.982841],[14.213582,49.980221],[14.213389,49.979],[14.213094,49.978323],[14.215465,49.979146],[14.217483,49.979713],[14.220334,49.980288],[14.222696,49.981122],[14.224546,49.981462],[14.225516,49.980313],[14.22443,49.979745],[14.222778,49.97909],[14.223792,49.978158],[14.225473,49.97887],[14.226314,49.979128],[14.226586,49.978876],[14.223456,49.977201],[14.224077,49.976872],[14.225681,49.9776],[14.225844,49.97733],[14.226003,49.976762],[14.227315,49.976803],[14.227403,49.976681],[14.227975,49.976749],[14.22814,49.97634],[14.22813,49.975884],[14.228093,49.975459],[14.227948,49.975431],[14.227914,49.975075],[14.228047,49.975072],[14.228311,49.974696],[14.227207,49.974357],[14.227799,49.973169],[14.229407,49.973385],[14.22987,49.974719],[14.230348,49.975064],[14.231055,49.974987],[14.231221,49.974887],[14.23209,49.975046],[14.231698,49.973931],[14.231855,49.973583],[14.23274,49.973184],[14.233058,49.972954],[14.233616,49.972291],[14.237999,49.973],[14.238303,49.972682],[14.239648,49.970685],[14.241004,49.968209],[14.241318,49.967822],[14.241938,49.967439],[14.243972,49.966871],[14.244025,49.96687],[14.243254,49.968422],[14.24467,49.96887],[14.24608,49.968965],[14.247489,49.96926],[14.247588,49.9691],[14.248884,49.969319],[14.248075,49.971356],[14.246816,49.971474],[14.242898,49.971514],[14.242903,49.971877],[14.242707,49.97232],[14.242698,49.972447],[14.242839,49.972535],[14.242751,49.972803],[14.243591,49.973183],[14.243226,49.974146],[14.241305,49.973887],[14.240696,49.975364],[14.235936,49.974541],[14.235744,49.975043],[14.236511,49.975793],[14.23693,49.976117],[14.23816,49.976221],[14.238059,49.976817],[14.238701,49.977583],[14.241556,49.979286],[14.241654,49.979265],[14.24167,49.979346],[14.242138,49.979008],[14.243083,49.978575],[14.250519,49.977203],[14.252333,49.976796],[14.253786,49.976714],[14.254585,49.976904],[14.256002,49.977005],[14.255626,49.978763],[14.255527,49.980111],[14.253837,49.980194],[14.253824,49.980121],[14.253368,49.980122],[14.253365,49.979636],[14.251118,49.979774],[14.251287,49.980423],[14.251638,49.981167],[14.250194,49.981523],[14.2495,49.9803],[14.249027,49.980408],[14.249622,49.98144],[14.249231,49.981536],[14.249882,49.982544],[14.249963,49.982536],[14.250486,49.983696],[14.25056,49.983957],[14.250139,49.984116],[14.250174,49.984296],[14.249315,49.984419],[14.249004,49.983796],[14.248599,49.983351],[14.247702,49.984343],[14.246699,49.983941],[14.246511,49.984322],[14.246415,49.984848],[14.245259,49.984753],[14.243726,49.98445],[14.243589,49.984604],[14.24347,49.984572],[14.243351,49.98469],[14.243869,49.984895],[14.243783,49.985292],[14.242559,49.985352],[14.242555,49.98557],[14.240492,49.985758],[14.240689,49.986774],[14.240683,49.987358],[14.240522,49.987936],[14.240006,49.987425],[14.239596,49.986113],[14.237589,49.985649],[14.237443,49.985559],[14.237079,49.985598],[14.236276,49.985352],[14.236008,49.985658],[14.235161,49.985655],[14.235634,49.986305],[14.235828,49.987025],[14.235123,49.987059],[14.235034,49.986853],[14.233082,49.986982],[14.232785,49.987802],[14.232064,49.987772],[14.231573,49.988136],[14.231186,49.988807],[14.230936,49.989775],[14.230513,49.990894],[14.227992,49.990549],[14.225549,49.990506],[14.22553,49.989754],[14.225291,49.988825],[14.225279,49.988425],[14.223893,49.988529],[14.221311,49.988938],[14.220183,49.989021],[14.220527,49.990255],[14.222971,49.99014],[14.223187,49.991618],[14.220013,49.991871],[14.217069,49.99228],[14.217476,49.993744],[14.218273,49.995352],[14.215912,49.995151],[14.211451,49.994614],[14.211416,49.994033],[14.209564,49.993802],[14.209456,49.994899],[14.208618,49.994912],[14.208551,49.996904],[14.207957,49.996664],[14.206951,49.996094],[14.206905,49.996118],[14.207495,49.996477],[14.206219,49.996914],[14.207112,49.998495],[14.207213,49.999429],[14.207548,49.999421],[14.207561,49.999584],[14.204933,49.999333],[14.204853,49.998912],[14.202936,49.998519],[14.199292,49.997532],[14.19882,49.997841],[14.198176,49.998579],[14.197242,50.000085],[14.195945,49.999993],[14.19494,50.000099],[14.194875,50.000236],[14.194419,50.000261],[14.191285,49.999951],[14.189677,49.999505],[14.188707,50.000708],[14.187573,50.001549],[14.186347,50.002621],[14.185674,50.002821],[14.185076,50.002818],[14.183752,50.003187],[14.182807,50.00357],[14.182093,50.004001],[14.181446,50.003876],[14.179001,50.003083],[14.178167,50.002578]]],[[[14.199933,49.977293],[14.198682,49.977522],[14.198545,49.978516],[14.198301,49.978502],[14.198243,49.979156],[14.197717,49.979775],[14.196081,49.979672],[14.194056,49.979691],[14.194088,49.980158],[14.193892,49.98019],[14.191685,49.980243],[14.190294,49.980381],[14.188633,49.980227],[14.188066,49.980252],[14.187683,49.980399],[14.187219,49.980218],[14.185332,49.979996],[14.184554,49.979796],[14.178785,49.979589],[14.179417,49.978102],[14.180633,49.975913],[14.183194,49.970724],[14.18609,49.971824],[14.187111,49.972065],[14.187241,49.971884],[14.187729,49.971556],[14.187794,49.971374],[14.187644,49.970952],[14.187672,49.970655],[14.18438,49.969712],[14.181986,49.968929],[14.180549,49.968795],[14.179385,49.968389],[14.17763,49.968224],[14.17505,49.967328],[14.172967,49.967026],[14.167651,49.965347],[14.167384,49.965146],[14.166469,49.964792],[14.165081,49.964475],[14.164472,49.964223],[14.165303,49.963763],[14.168122,49.962808],[14.169924,49.960934],[14.171306,49.959742],[14.172123,49.95933],[14.173126,49.959772],[14.17391,49.959993],[14.17558,49.960329],[14.178376,49.961078],[14.178833,49.961022],[14.179465,49.960814],[14.180534,49.960774],[14.18173,49.960846],[14.182303,49.961038],[14.182634,49.96128],[14.182924,49.961368],[14.184451,49.961559],[14.184667,49.961083],[14.183943,49.959835],[14.183667,49.958551],[14.186608,49.958479],[14.188842,49.958159],[14.189737,49.958262],[14.195015,49.959583],[14.195756,49.959909],[14.196962,49.961109],[14.197643,49.961528],[14.198191,49.961839],[14.198646,49.961796],[14.19903,49.961876],[14.198892,49.962216],[14.200864,49.963006],[14.201863,49.963103],[14.203428,49.96306],[14.205725,49.963151],[14.206948,49.963061],[14.208732,49.963283],[14.210014,49.963539],[14.210007,49.963852],[14.212998,49.964917],[14.214464,49.965303],[14.214473,49.965182],[14.215408,49.965219],[14.217666,49.965583],[14.219236,49.965641],[14.219403,49.96593],[14.219346,49.966127],[14.218893,49.966176],[14.218827,49.966565],[14.218879,49.966653],[14.218798,49.966772],[14.217769,49.967017],[14.21773,49.966926],[14.21697,49.966988],[14.216766,49.967066],[14.216854,49.96723],[14.216353,49.967222],[14.216227,49.967132],[14.215021,49.967342],[14.21449,49.967698],[14.214233,49.967772],[14.213727,49.967747],[14.21384,49.967914],[14.213345,49.968069],[14.213198,49.968195],[14.213019,49.968204],[14.212804,49.968627],[14.212491,49.968926],[14.212516,49.969012],[14.212986,49.969376],[14.213533,49.969587],[14.214883,49.969713],[14.214828,49.970214],[14.214034,49.970176],[14.213941,49.970042],[14.21236,49.969662],[14.211903,49.970209],[14.212335,49.97047],[14.211336,49.970539],[14.210307,49.971029],[14.209782,49.971187],[14.20943,49.971247],[14.208854,49.971162],[14.208502,49.971239],[14.208182,49.971349],[14.208019,49.971574],[14.207387,49.971387],[14.206343,49.971598],[14.206843,49.97225],[14.207235,49.972599],[14.20821,49.973127],[14.208529,49.973465],[14.208609,49.973666],[14.206418,49.974181],[14.205468,49.974495],[14.205446,49.974414],[14.205327,49.974415],[14.205723,49.975408],[14.204976,49.97553],[14.204078,49.974471],[14.203623,49.974627],[14.203322,49.975017],[14.202464,49.974959],[14.202043,49.975056],[14.202418,49.975509],[14.202658,49.975966],[14.201119,49.975917],[14.200882,49.97599],[14.200609,49.976235],[14.200559,49.976576],[14.200319,49.97675],[14.199933,49.977293]]]]}},{"type":"Feature","properties":{"id":"municipality-532215","name":"Červený Újezd","code":"532215","branchIds":["hostivice"],"territoryType":"municipality"},"geometry":{"type":"Polygon","coordinates":[[[14.169794,50.08892],[14.17063,50.085215],[14.170595,50.084717],[14.170912,50.081434],[14.170878,50.079497],[14.170754,50.077889],[14.170487,50.076382],[14.170265,50.075984],[14.169533,50.075871],[14.167013,50.07585],[14.162761,50.076486],[14.16277,50.076775],[14.160403,50.076988],[14.157883,50.076921],[14.157688,50.076868],[14.157843,50.075882],[14.154409,50.075586],[14.15443,50.075306],[14.154121,50.075293],[14.153856,50.073539],[14.153925,50.073018],[14.154369,50.071533],[14.154856,50.070663],[14.15537,50.069137],[14.153906,50.068922],[14.152626,50.068543],[14.151876,50.070085],[14.151767,50.070124],[14.151331,50.071208],[14.150441,50.071045],[14.149592,50.070715],[14.149986,50.070173],[14.1503,50.07012],[14.151019,50.06827],[14.148722,50.068127],[14.148957,50.06677],[14.149353,50.065392],[14.150665,50.065465],[14.150298,50.066912],[14.150326,50.067074],[14.150521,50.066794],[14.152042,50.065646],[14.152525,50.065132],[14.154532,50.064362],[14.155065,50.063842],[14.155369,50.063306],[14.155929,50.062816],[14.154337,50.061934],[14.154517,50.061309],[14.155813,50.060899],[14.156072,50.060705],[14.155974,50.060481],[14.154493,50.060838],[14.154427,50.059901],[14.1562,50.059875],[14.15621,50.059969],[14.156579,50.059973],[14.157542,50.059926],[14.158323,50.060325],[14.158538,50.060323],[14.159097,50.059994],[14.160221,50.059565],[14.160544,50.059005],[14.162036,50.058861],[14.161747,50.059853],[14.162157,50.060027],[14.162006,50.060403],[14.162089,50.060465],[14.162072,50.06059],[14.164187,50.060954],[14.163452,50.062405],[14.163894,50.06268],[14.164537,50.061541],[14.165078,50.061675],[14.164923,50.062014],[14.165292,50.062076],[14.165264,50.062367],[14.165439,50.062391],[14.165131,50.063246],[14.165086,50.063992],[14.166561,50.064213],[14.166525,50.064382],[14.16764,50.064631],[14.168239,50.064674],[14.168265,50.064601],[14.169294,50.064821],[14.170008,50.064632],[14.170571,50.064359],[14.171598,50.063672],[14.172149,50.063247],[14.1726,50.062771],[14.175899,50.06264],[14.177851,50.062883],[14.177937,50.06462],[14.180319,50.06475],[14.180396,50.064539],[14.183399,50.064806],[14.182788,50.066919],[14.182302,50.067953],[14.182005,50.067954],[14.181978,50.068473],[14.182069,50.06882],[14.183038,50.068533],[14.183866,50.068415],[14.188166,50.067871],[14.188741,50.067884],[14.190724,50.067408],[14.194146,50.068588],[14.194121,50.068811],[14.194669,50.070714],[14.194941,50.071973],[14.194352,50.071828],[14.194351,50.072123],[14.194668,50.073452],[14.193897,50.073335],[14.191857,50.071259],[14.188844,50.070581],[14.188945,50.071257],[14.186955,50.071474],[14.185132,50.071342],[14.185571,50.073191],[14.185823,50.074778],[14.183008,50.074909],[14.183704,50.076996],[14.183797,50.077945],[14.183986,50.077982],[14.184005,50.081576],[14.183948,50.082041],[14.183922,50.082124],[14.182266,50.082005],[14.181605,50.084981],[14.181436,50.085336],[14.181194,50.08529],[14.18085,50.087227],[14.179563,50.092767],[14.179435,50.093792],[14.174283,50.094688],[14.174261,50.094624],[14.172662,50.09484],[14.169869,50.095349],[14.169766,50.094981],[14.16967,50.093878],[14.169798,50.09251],[14.168766,50.093066],[14.168724,50.093271],[14.168659,50.093279],[14.169167,50.090646],[14.169698,50.08937],[14.169794,50.08892]]]}},{"type":"Feature","properties":{"id":"municipality-532347","name":"Hostouň","code":"532347","branchIds":["hostivice"],"territoryType":"municipality"},"geometry":{"type":"Polygon","coordinates":[[[14.175986,50.126016],[14.174874,50.125844],[14.173673,50.125429],[14.171602,50.125053],[14.171536,50.124982],[14.17209,50.123816],[14.172245,50.123176],[14.17225,50.122798],[14.16831,50.122485],[14.166811,50.122166],[14.165399,50.121765],[14.165573,50.121153],[14.164814,50.120835],[14.163704,50.120465],[14.163586,50.120357],[14.163279,50.120348],[14.162074,50.120056],[14.16156,50.119836],[14.16126,50.119864],[14.161001,50.119712],[14.160347,50.119575],[14.160306,50.119514],[14.16071,50.118854],[14.161093,50.118443],[14.161731,50.117514],[14.1625,50.116029],[14.163189,50.114955],[14.163579,50.114042],[14.164082,50.113883],[14.164361,50.113071],[14.166234,50.109157],[14.16621,50.109077],[14.165441,50.108803],[14.162897,50.108002],[14.159291,50.107024],[14.156405,50.106685],[14.157439,50.104667],[14.156087,50.104487],[14.156361,50.103519],[14.155503,50.103163],[14.153431,50.10285],[14.153498,50.102492],[14.154588,50.102555],[14.154706,50.100787],[14.156689,50.101061],[14.158824,50.101081],[14.160255,50.100984],[14.161617,50.100624],[14.161609,50.10051],[14.162278,50.100512],[14.16179,50.103312],[14.159693,50.103453],[14.159559,50.103479],[14.159383,50.103677],[14.157832,50.103669],[14.157672,50.104265],[14.16755,50.103616],[14.16753,50.102935],[14.170289,50.102599],[14.170386,50.101651],[14.17087,50.099755],[14.172631,50.101103],[14.172964,50.101249],[14.173316,50.100258],[14.173921,50.097616],[14.174364,50.09515],[14.174283,50.094688],[14.182011,50.093338],[14.182049,50.093407],[14.183379,50.093703],[14.186672,50.094299],[14.188023,50.094458],[14.189795,50.094549],[14.190493,50.094673],[14.190406,50.094839],[14.191823,50.095637],[14.192442,50.096117],[14.192708,50.096667],[14.193064,50.09714],[14.193986,50.097454],[14.194092,50.097574],[14.194921,50.097801],[14.196061,50.098477],[14.196247,50.098663],[14.197413,50.0991],[14.197989,50.099419],[14.199061,50.099727],[14.199319,50.099624],[14.200201,50.099889],[14.201402,50.100102],[14.201114,50.100418],[14.20152,50.100593],[14.200982,50.101306],[14.20127,50.101676],[14.201481,50.102183],[14.20145,50.102375],[14.201882,50.102594],[14.201786,50.102728],[14.201836,50.102887],[14.202144,50.102954],[14.202164,50.103078],[14.202083,50.103182],[14.202231,50.10322],[14.203142,50.102476],[14.204762,50.101329],[14.207024,50.102427],[14.207302,50.101837],[14.208604,50.10046],[14.210404,50.101054],[14.209907,50.101536],[14.208131,50.102892],[14.207948,50.102885],[14.20772,50.103156],[14.207923,50.103255],[14.20772,50.103554],[14.208191,50.10381],[14.207523,50.104443],[14.208296,50.104736],[14.208972,50.105096],[14.207806,50.106194],[14.210729,50.10771],[14.209398,50.108531],[14.209135,50.108256],[14.208117,50.108794],[14.208365,50.108955],[14.208252,50.109091],[14.208375,50.109272],[14.208277,50.109435],[14.20886,50.10966],[14.209013,50.109532],[14.20911,50.109564],[14.209205,50.109752],[14.210056,50.110136],[14.210103,50.1105],[14.210327,50.110693],[14.210482,50.11096],[14.210761,50.111105],[14.209506,50.112256],[14.209162,50.112122],[14.208035,50.113467],[14.210554,50.114354],[14.210979,50.114416],[14.211767,50.114305],[14.212079,50.114784],[14.212317,50.115504],[14.212322,50.116193],[14.211141,50.116028],[14.210224,50.117388],[14.209855,50.118069],[14.210846,50.118667],[14.209795,50.119227],[14.208953,50.11979],[14.209568,50.120562],[14.209643,50.121076],[14.209586,50.12128],[14.210339,50.121577],[14.211192,50.121795],[14.212267,50.121929],[14.2124,50.122052],[14.212749,50.122122],[14.213054,50.122314],[14.212981,50.122476],[14.212655,50.122641],[14.212521,50.122911],[14.211793,50.123371],[14.211704,50.123526],[14.211776,50.123734],[14.211641,50.123881],[14.211635,50.123999],[14.211529,50.124021],[14.211237,50.124657],[14.211261,50.124999],[14.211006,50.125159],[14.211006,50.125308],[14.210265,50.125508],[14.20915,50.12549],[14.208941,50.12594],[14.202887,50.125163],[14.202834,50.12505],[14.202465,50.124859],[14.20124,50.124657],[14.200325,50.127215],[14.196624,50.126715],[14.19277,50.125963],[14.190959,50.125689],[14.190055,50.12791],[14.18807,50.127443],[14.185725,50.127028],[14.184612,50.126712],[14.18127,50.126201],[14.177846,50.125778],[14.175906,50.125897],[14.175986,50.126016]]]}},{"type":"Feature","properties":{"id":"municipality-532991","name":"Úhonice","code":"532991","branchIds":["rudna"],"territoryType":"municipality"},"geometry":{"type":"Polygon","coordinates":[[[14.183399,50.064806],[14.183491,50.063836],[14.183617,50.063397],[14.181822,50.062252],[14.183577,50.062508],[14.183897,50.061801],[14.186729,50.061977],[14.188246,50.058786],[14.188485,50.05774],[14.188577,50.055694],[14.188452,50.055744],[14.187982,50.055167],[14.187769,50.053662],[14.187891,50.053361],[14.186675,50.052919],[14.187677,50.051365],[14.186007,50.050786],[14.18629,50.050533],[14.185723,50.050186],[14.185855,50.050109],[14.183853,50.048317],[14.181466,50.04932],[14.179951,50.04973],[14.179121,50.049506],[14.178312,50.049394],[14.176848,50.048843],[14.176655,50.048708],[14.176735,50.048647],[14.176683,50.048612],[14.175896,50.048513],[14.175377,50.048981],[14.174196,50.049769],[14.173494,50.049493],[14.17256,50.04936],[14.172578,50.049425],[14.172007,50.049515],[14.171943,50.049615],[14.171479,50.049802],[14.170271,50.049805],[14.17009,50.050674],[14.168796,50.050424],[14.16802,50.050412],[14.168362,50.049254],[14.166206,50.048961],[14.166492,50.048451],[14.164562,50.048125],[14.164613,50.047967],[14.162797,50.047272],[14.162623,50.046512],[14.158688,50.04479],[14.157213,50.043532],[14.156416,50.042541],[14.155966,50.042182],[14.154311,50.04112],[14.152879,50.040481],[14.151925,50.039664],[14.150444,50.038795],[14.149507,50.038435],[14.148496,50.038404],[14.147751,50.038555],[14.147452,50.038497],[14.147409,50.038389],[14.147885,50.037998],[14.148626,50.037666],[14.14947,50.037145],[14.149853,50.036899],[14.15025,50.036486],[14.150267,50.036402],[14.149403,50.03469],[14.148316,50.033631],[14.149874,50.032738],[14.150365,50.032313],[14.150532,50.032272],[14.150944,50.031573],[14.150789,50.031269],[14.150888,50.03115],[14.150766,50.030649],[14.150007,50.029947],[14.149555,50.029703],[14.149937,50.029311],[14.150252,50.028197],[14.150671,50.027273],[14.150603,50.026524],[14.149251,50.025006],[14.149131,50.024178],[14.149202,50.023407],[14.149315,50.023134],[14.152514,50.024033],[14.153437,50.024378],[14.154905,50.024255],[14.155988,50.024313],[14.157316,50.02348],[14.157679,50.023398],[14.159742,50.023467],[14.160279,50.023317],[14.160382,50.023509],[14.160088,50.023855],[14.159993,50.024148],[14.159148,50.023989],[14.158718,50.023996],[14.158665,50.024524],[14.157962,50.025195],[14.15889,50.025656],[14.159331,50.025781],[14.158219,50.02634],[14.159097,50.026679],[14.160025,50.0268],[14.160382,50.026743],[14.161604,50.026987],[14.16183,50.026921],[14.162066,50.026968],[14.162234,50.026872],[14.162239,50.026941],[14.162473,50.026961],[14.162614,50.027217],[14.162714,50.027202],[14.163285,50.027573],[14.163555,50.027621],[14.164071,50.027887],[14.164836,50.027919],[14.166445,50.027609],[14.16732,50.027762],[14.167646,50.027747],[14.169052,50.028209],[14.169449,50.028226],[14.171882,50.028703],[14.172828,50.030446],[14.173631,50.031095],[14.175192,50.032105],[14.176914,50.032987],[14.177054,50.033021],[14.1772,50.032753],[14.179856,50.033436],[14.180087,50.032936],[14.180195,50.032952],[14.182713,50.033544],[14.182545,50.033912],[14.185094,50.034711],[14.185234,50.034429],[14.188653,50.03475],[14.188535,50.035328],[14.192185,50.035825],[14.192613,50.03522],[14.194392,50.035434],[14.194545,50.034567],[14.196667,50.03458],[14.196606,50.035228],[14.196835,50.03571],[14.199257,50.03591],[14.199201,50.036287],[14.200169,50.036312],[14.20049,50.038042],[14.201355,50.037912],[14.201565,50.038149],[14.203183,50.038032],[14.205479,50.037676],[14.205636,50.037716],[14.206495,50.038344],[14.207585,50.03926],[14.209311,50.038829],[14.211376,50.038573],[14.211536,50.039404],[14.211619,50.040541],[14.213203,50.040718],[14.21427,50.040978],[14.213425,50.042629],[14.212396,50.042481],[14.212336,50.044253],[14.212405,50.046252],[14.213918,50.046345],[14.213937,50.04788],[14.21462,50.047975],[14.214718,50.049164],[14.215102,50.050207],[14.215277,50.050943],[14.209059,50.050368],[14.207738,50.059734],[14.204775,50.059642],[14.20188,50.059446],[14.200536,50.059575],[14.199513,50.059784],[14.191312,50.061746],[14.186958,50.062914],[14.185612,50.062857],[14.184996,50.065101],[14.183387,50.06499],[14.183399,50.064806]]]}},{"type":"Feature","properties":{"id":"municipality-533106","name":"Trubín","code":"533106","branchIds":["beroun"],"territoryType":"municipality"},"geometry":{"type":"Polygon","coordinates":[[[13.97707,49.944957],[13.976975,49.944574],[13.976299,49.944061],[13.975422,49.943599],[13.974774,49.943123],[13.974384,49.942634],[13.973852,49.942277],[13.973219,49.941455],[13.972548,49.940152],[13.972801,49.939867],[13.972876,49.939154],[13.973303,49.939349],[13.973652,49.939378],[13.973978,49.939246],[13.974791,49.938615],[13.975316,49.93806],[13.975859,49.937678],[13.976111,49.937297],[13.97622,49.936955],[13.976364,49.936911],[13.978891,49.937864],[13.979631,49.938054],[13.979922,49.938225],[13.982099,49.938919],[13.983202,49.937686],[13.983272,49.937482],[13.983026,49.937282],[13.983701,49.936508],[13.984326,49.936676],[13.984642,49.936334],[13.985578,49.93653],[13.985828,49.936282],[13.98585,49.93611],[13.984928,49.935964],[13.984937,49.935742],[13.985241,49.93546],[13.985287,49.935107],[13.985751,49.933716],[13.98665,49.933845],[13.989584,49.934642],[13.991365,49.934684],[13.992334,49.93449],[13.992715,49.934292],[13.99276,49.934463],[13.993834,49.935184],[13.995908,49.935644],[13.996723,49.935744],[13.99999,49.935752],[14.004235,49.936061],[14.004644,49.935265],[14.010948,49.935946],[14.009823,49.938],[14.009492,49.938411],[14.008559,49.940265],[14.00823,49.94123],[14.008436,49.942105],[14.009025,49.942177],[14.010281,49.942546],[14.010501,49.942518],[14.010797,49.941794],[14.01125,49.941783],[14.011424,49.942124],[14.011786,49.942328],[14.012419,49.94235],[14.013983,49.943028],[14.015118,49.943277],[14.016073,49.943658],[14.014922,49.944669],[14.013684,49.945994],[14.0138,49.946107],[14.013347,49.946313],[14.012497,49.947014],[14.01181,49.94768],[14.011303,49.948369],[14.010065,49.94937],[14.009714,49.949815],[14.009027,49.950321],[14.008173,49.950605],[14.007514,49.950725],[14.006532,49.951143],[14.006368,49.951466],[14.006557,49.951641],[14.006447,49.95202],[14.00519,49.951708],[14.004118,49.951198],[14.00121,49.950583],[14.001003,49.950616],[14.000801,49.950436],[13.999963,49.950443],[13.997068,49.950003],[13.995921,49.949631],[13.994828,49.950126],[13.993932,49.951356],[13.992917,49.951039],[13.992821,49.950557],[13.989295,49.948944],[13.987424,49.947741],[13.98657,49.947422],[13.986052,49.947063],[13.985425,49.946452],[13.984496,49.945868],[13.98405,49.945676],[13.982979,49.945631],[13.981116,49.945185],[13.978423,49.944162],[13.977752,49.944725],[13.97707,49.944957]]]}},{"type":"Feature","properties":{"id":"municipality-533203","name":"Králův Dvůr","code":"533203","branchIds":["beroun"],"territoryType":"municipality"},"geometry":{"type":"Polygon","coordinates":[[[14.013765,49.962278],[14.013524,49.961321],[14.012946,49.960544],[14.012525,49.960234],[14.011953,49.959633],[14.011043,49.958186],[14.012462,49.956075],[14.012346,49.955973],[14.012655,49.955639],[14.011764,49.955162],[14.011864,49.954823],[14.012239,49.954498],[14.012246,49.954017],[14.012176,49.953811],[14.011663,49.953662],[14.010784,49.952841],[14.009904,49.952508],[14.009832,49.952566],[14.009147,49.952374],[14.008489,49.952104],[14.006368,49.951466],[14.006532,49.951143],[14.007514,49.950725],[14.008173,49.950605],[14.009027,49.950321],[14.009714,49.949815],[14.010065,49.94937],[14.011303,49.948369],[14.01181,49.94768],[14.012497,49.947014],[14.013347,49.946313],[14.0138,49.946107],[14.013684,49.945994],[14.014922,49.944669],[14.016073,49.943658],[14.015118,49.943277],[14.013983,49.943028],[14.012419,49.94235],[14.011786,49.942328],[14.011424,49.942124],[14.01125,49.941783],[14.010797,49.941794],[14.010501,49.942518],[14.010281,49.942546],[14.009025,49.942177],[14.008436,49.942105],[14.00823,49.94123],[14.008559,49.940265],[14.009492,49.938411],[14.009823,49.938],[14.010948,49.935946],[14.004644,49.935265],[14.004235,49.936061],[13.99999,49.935752],[13.996182,49.935695],[13.993834,49.935184],[13.99276,49.934463],[13.992715,49.934292],[13.992811,49.934272],[13.991502,49.933997],[13.987922,49.932484],[13.984985,49.931617],[13.987023,49.929934],[13.986735,49.929672],[13.987753,49.928843],[13.988062,49.928465],[13.988603,49.928073],[13.990006,49.927624],[13.991169,49.92684],[13.992638,49.926153],[13.99652,49.924092],[13.997454,49.923748],[13.998715,49.923091],[13.99911,49.922848],[13.998682,49.922621],[13.999944,49.921708],[13.99986,49.921627],[13.999861,49.921487],[14.000106,49.921219],[13.99943,49.920203],[13.997956,49.91924],[13.996846,49.918176],[13.995532,49.918628],[13.990444,49.917142],[13.990081,49.916021],[13.990844,49.916098],[13.991242,49.91578],[13.991582,49.915947],[13.992253,49.916118],[13.992959,49.915408],[13.993299,49.91564],[13.99487,49.915985],[13.995008,49.916036],[13.994939,49.916084],[13.995002,49.91612],[13.996219,49.916231],[13.997163,49.916536],[13.997453,49.916085],[13.996994,49.915576],[13.996736,49.915016],[13.998216,49.914468],[13.999864,49.915563],[14.000158,49.915604],[14.000531,49.915872],[14.000569,49.915974],[14.001312,49.91645],[14.001669,49.91681],[14.003917,49.917072],[14.005856,49.917566],[14.007117,49.917654],[14.009163,49.918201],[14.009523,49.918154],[14.010151,49.91789],[14.011317,49.917954],[14.011334,49.918244],[14.012084,49.918615],[14.015307,49.918852],[14.016643,49.919371],[14.017348,49.919984],[14.019457,49.920377],[14.019964,49.920009],[14.021746,49.919173],[14.02299,49.92011],[14.023537,49.920315],[14.026598,49.920595],[14.027513,49.92132],[14.036065,49.923094],[14.036866,49.923084],[14.040823,49.9219],[14.042711,49.922268],[14.044127,49.922421],[14.044176,49.922174],[14.044583,49.921369],[14.045074,49.920887],[14.048053,49.921926],[14.046793,49.922444],[14.04632,49.922784],[14.046091,49.923049],[14.045776,49.923643],[14.045263,49.924089],[14.045236,49.924461],[14.044784,49.92466],[14.045229,49.92547],[14.045704,49.925948],[14.046998,49.926643],[14.047227,49.92687],[14.047125,49.926953],[14.047807,49.927391],[14.048169,49.927449],[14.048564,49.929052],[14.048539,49.929217],[14.048713,49.929255],[14.048691,49.929398],[14.049247,49.929553],[14.049546,49.929784],[14.049978,49.929971],[14.051858,49.930555],[14.052182,49.932178],[14.052156,49.932975],[14.051549,49.933327],[14.051715,49.933632],[14.05237,49.934028],[14.052012,49.934341],[14.052695,49.934644],[14.051483,49.935326],[14.051005,49.935817],[14.050879,49.936232],[14.050924,49.936779],[14.050737,49.938065],[14.048455,49.938629],[14.047998,49.938491],[14.047893,49.938546],[14.04782,49.93894],[14.048054,49.939586],[14.047996,49.939776],[14.048047,49.939986],[14.048174,49.940167],[14.048761,49.9405],[14.049925,49.941542],[14.049645,49.942514],[14.04902,49.942686],[14.049856,49.943536],[14.050809,49.94419],[14.051205,49.944609],[14.052534,49.945426],[14.053739,49.946307],[14.056979,49.947613],[14.05853,49.948049],[14.058409,49.948081],[14.059434,49.948746],[14.056236,49.948852],[14.055414,49.948739],[14.05471,49.948642],[14.052406,49.947781],[14.051813,49.948268],[14.052545,49.948681],[14.053245,49.949208],[14.052714,49.949538],[14.052677,49.949631],[14.052197,49.949696],[14.051972,49.949858],[14.051933,49.949992],[14.051628,49.950031],[14.051453,49.94995],[14.050463,49.951074],[14.049506,49.951347],[14.049315,49.95155],[14.048781,49.951591],[14.048305,49.951497],[14.046335,49.95061],[14.04403,49.952423],[14.043323,49.953018],[14.043019,49.953373],[14.042615,49.953606],[14.04077,49.955043],[14.039881,49.95538],[14.039026,49.955524],[14.038296,49.955803],[14.037622,49.955849],[14.03665,49.955562],[14.036449,49.956044],[14.034964,49.955728],[14.034533,49.955493],[14.034274,49.955212],[14.034147,49.955262],[14.034068,49.955685],[14.033562,49.955985],[14.033002,49.956559],[14.031417,49.95777],[14.028805,49.960237],[14.027754,49.961086],[14.027989,49.961374],[14.028183,49.962286],[14.028301,49.962437],[14.029271,49.963007],[14.031719,49.964676],[14.032424,49.965472],[14.03295,49.965869],[14.032156,49.966321],[14.03229,49.966958],[14.030773,49.968341],[14.030492,49.969187],[14.030506,49.969606],[14.030209,49.970221],[14.029907,49.971425],[14.027438,49.971227],[14.024013,49.969827],[14.022228,49.968937],[14.020207,49.968055],[14.017494,49.96747],[14.015679,49.966759],[14.013777,49.965198],[14.013727,49.965238],[14.013345,49.964971],[14.013107,49.964623],[14.012783,49.964364],[14.012876,49.963802],[14.013765,49.962278]]]}},{"type":"Feature","properties":{"id":"municipality-539171","name":"Dobrovíz","code":"539171","branchIds":["hostivice"],"territoryType":"municipality"},"geometry":{"type":"Polygon","coordinates":[[[14.208941,50.12594],[14.20915,50.12549],[14.210265,50.125508],[14.211006,50.125308],[14.211006,50.125159],[14.211261,50.124999],[14.211237,50.124657],[14.211529,50.124021],[14.211635,50.123999],[14.211641,50.123881],[14.211776,50.123734],[14.211704,50.123526],[14.211793,50.123371],[14.212521,50.122911],[14.212655,50.122641],[14.212981,50.122476],[14.213054,50.122314],[14.212749,50.122122],[14.2124,50.122052],[14.212267,50.121929],[14.211192,50.121795],[14.210339,50.121577],[14.209586,50.12128],[14.209643,50.121076],[14.209568,50.120562],[14.208953,50.11979],[14.209795,50.119227],[14.210846,50.118667],[14.209855,50.118069],[14.210224,50.117388],[14.211141,50.116028],[14.212322,50.116193],[14.212317,50.115504],[14.212079,50.114784],[14.211767,50.114305],[14.210979,50.114416],[14.210554,50.114354],[14.208035,50.113467],[14.209162,50.112122],[14.209506,50.112256],[14.210761,50.111105],[14.210482,50.11096],[14.210327,50.110693],[14.210103,50.1105],[14.210056,50.110136],[14.209205,50.109752],[14.20911,50.109564],[14.209013,50.109532],[14.20886,50.10966],[14.208277,50.109435],[14.208375,50.109272],[14.208252,50.109091],[14.208365,50.108955],[14.208117,50.108794],[14.209135,50.108256],[14.209398,50.108531],[14.210729,50.10771],[14.207806,50.106194],[14.208972,50.105096],[14.208296,50.104736],[14.207523,50.104443],[14.208191,50.10381],[14.20772,50.103554],[14.207923,50.103255],[14.20772,50.103156],[14.207948,50.102885],[14.208131,50.102892],[14.209907,50.101536],[14.210404,50.101054],[14.208604,50.10046],[14.207302,50.101837],[14.207024,50.102427],[14.204762,50.101329],[14.203142,50.102476],[14.202231,50.10322],[14.202083,50.103182],[14.202164,50.103078],[14.202144,50.102954],[14.201836,50.102887],[14.201786,50.102728],[14.201882,50.102594],[14.20145,50.102375],[14.201481,50.102183],[14.20127,50.101676],[14.200982,50.101306],[14.20152,50.100593],[14.201114,50.100418],[14.201402,50.100102],[14.200201,50.099889],[14.199319,50.099624],[14.199061,50.099727],[14.197989,50.099419],[14.197413,50.0991],[14.196247,50.098663],[14.196061,50.098477],[14.194921,50.097801],[14.194092,50.097574],[14.193986,50.097454],[14.193064,50.09714],[14.192708,50.096667],[14.192442,50.096117],[14.191823,50.095637],[14.190406,50.094839],[14.190482,50.094695],[14.19188,50.094979],[14.192619,50.095348],[14.193421,50.095474],[14.195289,50.095595],[14.195787,50.095592],[14.196425,50.095456],[14.196558,50.095012],[14.197103,50.095084],[14.199851,50.095663],[14.200987,50.095991],[14.202647,50.096658],[14.205143,50.096847],[14.206909,50.097077],[14.20882,50.097532],[14.210862,50.09819],[14.213449,50.09919],[14.21426,50.099653],[14.214644,50.098523],[14.215328,50.098567],[14.215319,50.096302],[14.219384,50.097073],[14.219905,50.097142],[14.219984,50.097068],[14.222755,50.097662],[14.221733,50.099383],[14.222612,50.099611],[14.222814,50.09933],[14.224286,50.099772],[14.22402,50.100189],[14.225304,50.100603],[14.226323,50.099272],[14.227794,50.099821],[14.229009,50.098907],[14.230206,50.099722],[14.231573,50.098131],[14.233225,50.098764],[14.233817,50.098175],[14.233996,50.098214],[14.234305,50.097953],[14.234523,50.097998],[14.235127,50.097058],[14.235944,50.097219],[14.236622,50.095742],[14.240274,50.096263],[14.242995,50.096511],[14.2429,50.096913],[14.243845,50.097514],[14.24405,50.097725],[14.244604,50.09802],[14.244424,50.098873],[14.244538,50.09948],[14.244838,50.100372],[14.244903,50.101032],[14.244859,50.101922],[14.244978,50.102799],[14.238877,50.102028],[14.238442,50.101846],[14.237723,50.101231],[14.236954,50.101026],[14.236043,50.101157],[14.233553,50.102213],[14.232888,50.102264],[14.226528,50.100392],[14.226277,50.100453],[14.226107,50.100589],[14.224445,50.102912],[14.224592,50.103214],[14.225595,50.104053],[14.227883,50.104348],[14.230502,50.105089],[14.230759,50.105234],[14.230857,50.105604],[14.231016,50.10575],[14.236325,50.107343],[14.23678,50.107303],[14.237196,50.10683],[14.237425,50.106737],[14.237713,50.106765],[14.239324,50.107282],[14.239401,50.107505],[14.238992,50.108009],[14.237935,50.108542],[14.237611,50.108796],[14.23712,50.109827],[14.237015,50.110221],[14.237057,50.110509],[14.238155,50.111439],[14.238015,50.111503],[14.238105,50.111582],[14.238295,50.111488],[14.238807,50.111799],[14.239125,50.111772],[14.24023,50.111347],[14.240681,50.111284],[14.24116,50.112105],[14.242122,50.113459],[14.242422,50.11417],[14.242451,50.114634],[14.242318,50.115163],[14.241513,50.116758],[14.23918,50.116306],[14.238987,50.116716],[14.237354,50.116381],[14.236941,50.117324],[14.237246,50.117369],[14.236948,50.118013],[14.238306,50.118149],[14.23781,50.119306],[14.23133,50.117255],[14.228803,50.122665],[14.226279,50.120544],[14.226181,50.120566],[14.225929,50.120377],[14.225322,50.121352],[14.224787,50.1212],[14.224822,50.121298],[14.221194,50.125709],[14.221123,50.125693],[14.221244,50.125988],[14.218518,50.125186],[14.214938,50.124448],[14.21382,50.123898],[14.213177,50.123396],[14.212539,50.123501],[14.212152,50.123776],[14.211992,50.124059],[14.213899,50.125042],[14.213671,50.125296],[14.213437,50.125789],[14.21372,50.126004],[14.212594,50.126726],[14.211731,50.126703],[14.21144,50.126516],[14.211249,50.126488],[14.211024,50.126634],[14.21043,50.126654],[14.209605,50.126064],[14.208941,50.12594]]]}},{"type":"Feature","properties":{"id":"municipality-539244","name":"Hostivice","code":"539244","branchIds":["hostivice"],"territoryType":"municipality"},"geometry":{"type":"Polygon","coordinates":[[[14.244978,50.102799],[14.244859,50.101922],[14.244903,50.101032],[14.244838,50.100372],[14.244538,50.09948],[14.244424,50.098873],[14.244604,50.09802],[14.24405,50.097725],[14.243845,50.097514],[14.2429,50.096913],[14.242995,50.096511],[14.240274,50.096263],[14.236622,50.095742],[14.235944,50.097219],[14.235127,50.097058],[14.234523,50.097998],[14.234305,50.097953],[14.233996,50.098214],[14.233817,50.098175],[14.233225,50.098764],[14.231573,50.098131],[14.230206,50.099722],[14.229009,50.098907],[14.227794,50.099821],[14.226323,50.099272],[14.225304,50.100603],[14.22402,50.100189],[14.224286,50.099772],[14.222814,50.09933],[14.222612,50.099611],[14.221733,50.099383],[14.222755,50.097662],[14.222024,50.097476],[14.22287,50.096302],[14.22357,50.095559],[14.223705,50.095433],[14.223997,50.095592],[14.224595,50.094982],[14.225018,50.094147],[14.225182,50.093384],[14.22065,50.093352],[14.219404,50.091867],[14.22218,50.091882],[14.222142,50.090516],[14.226916,50.090291],[14.226754,50.089567],[14.22625,50.088522],[14.227624,50.088344],[14.227437,50.087631],[14.227023,50.08761],[14.226949,50.086282],[14.226815,50.085595],[14.226551,50.085618],[14.226196,50.084781],[14.228332,50.084312],[14.22721,50.083181],[14.224639,50.083076],[14.224498,50.081354],[14.22297,50.081435],[14.221292,50.080995],[14.219993,50.080864],[14.220263,50.079604],[14.219389,50.079417],[14.218796,50.080242],[14.216126,50.079904],[14.216322,50.078963],[14.214957,50.078815],[14.215076,50.077901],[14.211266,50.077455],[14.211274,50.076211],[14.209246,50.07625],[14.207388,50.076147],[14.207205,50.07292],[14.207573,50.072911],[14.207371,50.072462],[14.204858,50.072632],[14.202239,50.072583],[14.202254,50.072694],[14.200103,50.072784],[14.199704,50.0716],[14.199257,50.070692],[14.198822,50.06947],[14.197365,50.069422],[14.195121,50.068914],[14.192854,50.068186],[14.190921,50.067436],[14.193562,50.067073],[14.200563,50.066592],[14.19954,50.067596],[14.199143,50.068235],[14.200871,50.068432],[14.201916,50.068135],[14.202053,50.067097],[14.202549,50.067139],[14.2026,50.066757],[14.203891,50.066951],[14.209269,50.068393],[14.21103,50.068676],[14.214321,50.068776],[14.214336,50.068665],[14.224152,50.068948],[14.224034,50.068873],[14.223618,50.068053],[14.223608,50.067802],[14.224317,50.065493],[14.224773,50.064448],[14.228243,50.064872],[14.230012,50.065176],[14.23012,50.065324],[14.231829,50.065792],[14.233151,50.066427],[14.234021,50.066708],[14.234582,50.067341],[14.234858,50.067494],[14.234993,50.067485],[14.235239,50.067207],[14.236013,50.066827],[14.236255,50.066616],[14.237657,50.065023],[14.238187,50.064238],[14.238803,50.063931],[14.238968,50.063083],[14.239467,50.062022],[14.239909,50.061531],[14.240809,50.060852],[14.241528,50.060456],[14.242362,50.060121],[14.242228,50.060027],[14.246696,50.05861],[14.248181,50.058257],[14.248087,50.058308],[14.24774,50.059722],[14.247823,50.061099],[14.24756,50.062224],[14.253309,50.062565],[14.2536,50.062731],[14.253823,50.063013],[14.254151,50.063148],[14.256847,50.06404],[14.258716,50.064424],[14.259111,50.067522],[14.258259,50.067825],[14.25819,50.068562],[14.258229,50.069045],[14.25799,50.069524],[14.2578,50.070832],[14.258053,50.071517],[14.266755,50.072628],[14.275302,50.073087],[14.276302,50.07223],[14.277789,50.071391],[14.27825,50.070872],[14.278557,50.070919],[14.278452,50.071142],[14.278345,50.071194],[14.278372,50.071355],[14.277911,50.071877],[14.277962,50.071916],[14.277894,50.072001],[14.277583,50.072116],[14.278028,50.072283],[14.277263,50.072986],[14.279046,50.072982],[14.280325,50.073113],[14.281095,50.073276],[14.28181,50.073727],[14.282434,50.074305],[14.284484,50.073589],[14.285323,50.073495],[14.288308,50.073412],[14.290193,50.073178],[14.29039,50.073869],[14.290374,50.074935],[14.29012,50.07494],[14.290091,50.075442],[14.289832,50.076228],[14.289472,50.076639],[14.289217,50.076756],[14.289375,50.077137],[14.287931,50.07721],[14.287921,50.077665],[14.285011,50.078261],[14.285038,50.079141],[14.285335,50.081209],[14.283928,50.081586],[14.28261,50.081663],[14.281641,50.081619],[14.277496,50.081112],[14.275255,50.081072],[14.274498,50.084539],[14.274478,50.085781],[14.273348,50.087619],[14.272631,50.087578],[14.270961,50.086137],[14.268728,50.086045],[14.268273,50.085747],[14.265152,50.087288],[14.261096,50.087095],[14.261001,50.096291],[14.260602,50.096563],[14.260266,50.096607],[14.255164,50.096749],[14.25444,50.097063],[14.254171,50.097314],[14.254023,50.097638],[14.254019,50.097896],[14.254183,50.098269],[14.254664,50.098661],[14.255131,50.098827],[14.258346,50.099384],[14.24984,50.103469],[14.246911,50.103104],[14.24698,50.102917],[14.247224,50.102854],[14.247176,50.102783],[14.246484,50.102923],[14.244978,50.102799]]]}},{"type":"Feature","properties":{"id":"municipality-539295","name":"Chrášťany","code":"539295","branchIds":["rudna"],"territoryType":"municipality"},"geometry":{"type":"Polygon","coordinates":[[[14.244165,50.059373],[14.244028,50.058377],[14.242902,50.058393],[14.242552,50.058309],[14.242599,50.057894],[14.242304,50.0576],[14.242475,50.057043],[14.242418,50.056781],[14.242172,50.056575],[14.242038,50.056124],[14.241262,50.056066],[14.236951,50.055401],[14.236842,50.055426],[14.236607,50.055693],[14.235866,50.055523],[14.237102,50.053449],[14.237798,50.053632],[14.2382,50.053072],[14.239436,50.050615],[14.240804,50.048337],[14.244379,50.042873],[14.245769,50.04013],[14.245359,50.040019],[14.248169,50.035663],[14.248737,50.035673],[14.251189,50.036412],[14.251795,50.036491],[14.253235,50.036873],[14.254147,50.03699],[14.254191,50.036735],[14.254355,50.036625],[14.254508,50.036571],[14.254987,50.036613],[14.254957,50.036815],[14.256179,50.036896],[14.257191,50.0372],[14.25886,50.037439],[14.261348,50.038051],[14.262294,50.038524],[14.263331,50.038799],[14.266725,50.039926],[14.267799,50.040442],[14.268106,50.040817],[14.268917,50.04125],[14.269238,50.040161],[14.270058,50.040187],[14.269491,50.041723],[14.269507,50.04192],[14.269227,50.042748],[14.268663,50.043034],[14.268643,50.043336],[14.269881,50.043363],[14.270171,50.044112],[14.270121,50.044291],[14.270296,50.044864],[14.271002,50.046313],[14.270499,50.04629],[14.270468,50.046481],[14.270915,50.046611],[14.271079,50.046756],[14.271044,50.046932],[14.270564,50.047747],[14.270637,50.047767],[14.270571,50.047904],[14.270302,50.048201],[14.269948,50.048436],[14.269279,50.048651],[14.268175,50.048691],[14.268264,50.049138],[14.270008,50.049214],[14.271002,50.049453],[14.272637,50.050611],[14.271499,50.05308],[14.271461,50.053611],[14.271633,50.054319],[14.270885,50.054338],[14.270117,50.054204],[14.267356,50.053054],[14.264308,50.052332],[14.264034,50.05288],[14.262305,50.05553],[14.258117,50.054563],[14.257231,50.054423],[14.2565,50.055537],[14.255895,50.056262],[14.255598,50.057087],[14.25357,50.057133],[14.251298,50.056894],[14.250848,50.056769],[14.250105,50.057623],[14.249456,50.057945],[14.247592,50.058355],[14.244165,50.059373]]]}},{"type":"Feature","properties":{"id":"municipality-539309","name":"Chýně","code":"539309","branchIds":["hostivice"],"territoryType":"municipality"},"geometry":{"type":"Polygon","coordinates":[[[14.183387,50.06499],[14.184996,50.065101],[14.185612,50.062857],[14.186958,50.062914],[14.191312,50.061746],[14.199513,50.059784],[14.200536,50.059575],[14.20188,50.059446],[14.204775,50.059642],[14.207738,50.059734],[14.209059,50.050368],[14.215205,50.050937],[14.215221,50.051015],[14.214347,50.051105],[14.212386,50.051541],[14.212546,50.052055],[14.212556,50.052494],[14.212361,50.053169],[14.212954,50.053487],[14.217077,50.05283],[14.217172,50.0535],[14.218919,50.053472],[14.218778,50.052524],[14.218814,50.052011],[14.223327,50.052166],[14.226383,50.052446],[14.226432,50.050682],[14.227908,50.050272],[14.229186,50.050014],[14.230079,50.049936],[14.230949,50.050027],[14.230784,50.051463],[14.230577,50.051886],[14.228496,50.051541],[14.228225,50.052553],[14.22817,50.053419],[14.229314,50.053475],[14.229353,50.053353],[14.229678,50.053369],[14.229845,50.052975],[14.232599,50.053227],[14.23351,50.053439],[14.234445,50.053908],[14.235742,50.054388],[14.235117,50.055357],[14.236607,50.055693],[14.236842,50.055426],[14.236951,50.055401],[14.241262,50.056066],[14.242038,50.056124],[14.242172,50.056575],[14.242418,50.056781],[14.242475,50.057043],[14.242304,50.0576],[14.242599,50.057894],[14.242552,50.058309],[14.242902,50.058393],[14.244028,50.058377],[14.244165,50.059373],[14.242228,50.060027],[14.242362,50.060121],[14.241528,50.060456],[14.240809,50.060852],[14.239909,50.061531],[14.239467,50.062022],[14.239069,50.062795],[14.238803,50.063931],[14.238187,50.064238],[14.237657,50.065023],[14.236255,50.066616],[14.236013,50.066827],[14.235239,50.067207],[14.234993,50.067485],[14.234858,50.067494],[14.234582,50.067341],[14.234021,50.066708],[14.233151,50.066427],[14.231829,50.065792],[14.23012,50.065324],[14.230012,50.065176],[14.228243,50.064872],[14.224773,50.064448],[14.224317,50.065493],[14.223608,50.067802],[14.223618,50.068053],[14.224034,50.068873],[14.224152,50.068948],[14.214336,50.068665],[14.214321,50.068776],[14.21103,50.068676],[14.209269,50.068393],[14.203891,50.066951],[14.2026,50.066757],[14.202549,50.067139],[14.202053,50.067097],[14.201916,50.068135],[14.200871,50.068432],[14.199143,50.068235],[14.19954,50.067596],[14.200563,50.066592],[14.193038,50.067123],[14.190876,50.067442],[14.190724,50.067408],[14.188741,50.067884],[14.188166,50.067871],[14.183038,50.068533],[14.182069,50.06882],[14.181978,50.068473],[14.182005,50.067954],[14.182302,50.067953],[14.182788,50.066919],[14.183387,50.06499]]]}},{"type":"Feature","properties":{"id":"municipality-539317","name":"Jeneč","code":"539317","branchIds":["hostivice"],"territoryType":"municipality"},"geometry":{"type":"Polygon","coordinates":[[[14.204386,50.096791],[14.202647,50.096658],[14.200987,50.095991],[14.199851,50.095663],[14.198401,50.09532],[14.196558,50.095012],[14.196425,50.095456],[14.19616,50.095528],[14.195289,50.095595],[14.193872,50.09551],[14.192619,50.095348],[14.19188,50.094979],[14.190493,50.094673],[14.189795,50.094549],[14.188023,50.094458],[14.186672,50.094299],[14.183379,50.093703],[14.182049,50.093407],[14.182011,50.093338],[14.179435,50.093792],[14.179563,50.092767],[14.18085,50.087227],[14.181194,50.08529],[14.181436,50.085336],[14.181605,50.084981],[14.182266,50.082005],[14.183922,50.082124],[14.183948,50.082041],[14.184005,50.081576],[14.183986,50.077982],[14.183797,50.077945],[14.183704,50.076996],[14.183008,50.074909],[14.185823,50.074778],[14.185571,50.073191],[14.185132,50.071342],[14.186955,50.071474],[14.188945,50.071257],[14.188844,50.070581],[14.191857,50.071259],[14.193897,50.073335],[14.194668,50.073452],[14.194351,50.072123],[14.194352,50.071828],[14.194941,50.071973],[14.194669,50.070714],[14.194121,50.068811],[14.194146,50.068588],[14.195121,50.068914],[14.196884,50.069333],[14.197529,50.069439],[14.198822,50.06947],[14.199257,50.070692],[14.199704,50.0716],[14.200103,50.072784],[14.202254,50.072694],[14.202239,50.072583],[14.204858,50.072632],[14.207371,50.072462],[14.207573,50.072911],[14.207205,50.07292],[14.207388,50.076147],[14.209246,50.07625],[14.211274,50.076211],[14.211266,50.077455],[14.215076,50.077901],[14.214957,50.078815],[14.216322,50.078963],[14.216126,50.079904],[14.218796,50.080242],[14.219389,50.079417],[14.220263,50.079604],[14.219993,50.080864],[14.221292,50.080995],[14.22297,50.081435],[14.224498,50.081354],[14.224639,50.083076],[14.22721,50.083181],[14.228332,50.084312],[14.226196,50.084781],[14.226551,50.085618],[14.226815,50.085595],[14.226949,50.086282],[14.227023,50.08761],[14.227437,50.087631],[14.227624,50.088344],[14.22625,50.088522],[14.226754,50.089567],[14.226916,50.090291],[14.222142,50.090516],[14.22218,50.091882],[14.219404,50.091867],[14.22065,50.093352],[14.225182,50.093384],[14.225018,50.094147],[14.224595,50.094982],[14.223997,50.095592],[14.223705,50.095433],[14.22357,50.095559],[14.22287,50.096302],[14.222024,50.097476],[14.219984,50.097068],[14.219905,50.097142],[14.219145,50.097033],[14.215319,50.096302],[14.215328,50.098567],[14.214644,50.098523],[14.21426,50.099653],[14.212913,50.098975],[14.210862,50.09819],[14.20882,50.097532],[14.20612,50.096944],[14.204386,50.096791]]]}},{"type":"Feature","properties":{"id":"municipality-539350","name":"Jinočany","code":"539350","branchIds":["rudna"],"territoryType":"municipality"},"geometry":{"type":"Polygon","coordinates":[[[14.248207,50.035648],[14.247501,50.035587],[14.246443,50.035366],[14.244696,50.034628],[14.243541,50.034302],[14.243873,50.034358],[14.244115,50.03394],[14.245078,50.031715],[14.245348,50.03085],[14.241629,50.030617],[14.24021,50.03069],[14.240334,50.030581],[14.240939,50.028868],[14.242856,50.029101],[14.243122,50.028393],[14.244426,50.02873],[14.24468,50.027232],[14.249076,50.027701],[14.24923,50.026785],[14.24727,50.026621],[14.247649,50.024718],[14.247773,50.024432],[14.248615,50.024653],[14.249043,50.023983],[14.249152,50.024009],[14.249294,50.023783],[14.254413,50.024854],[14.254207,50.025441],[14.254562,50.025508],[14.257857,50.025673],[14.25793,50.025299],[14.258144,50.024925],[14.261464,50.025711],[14.261533,50.026594],[14.261713,50.027437],[14.262566,50.027414],[14.262402,50.026641],[14.263555,50.026499],[14.263269,50.025021],[14.263,50.022813],[14.266518,50.022492],[14.272205,50.022359],[14.272438,50.023506],[14.273188,50.02359],[14.273486,50.025098],[14.280795,50.026386],[14.280812,50.026491],[14.280925,50.026409],[14.28302,50.026741],[14.288,50.027141],[14.288872,50.02728],[14.287311,50.027988],[14.287222,50.02796],[14.285849,50.028837],[14.282382,50.031497],[14.282065,50.031892],[14.279831,50.033092],[14.276113,50.034662],[14.274143,50.035718],[14.272826,50.036679],[14.271862,50.037588],[14.271076,50.038573],[14.270058,50.040187],[14.269238,50.040161],[14.268917,50.04125],[14.268106,50.040817],[14.267799,50.040442],[14.266725,50.039926],[14.263331,50.038799],[14.262294,50.038524],[14.261348,50.038051],[14.25886,50.037439],[14.257191,50.0372],[14.256179,50.036896],[14.254957,50.036815],[14.254987,50.036613],[14.254508,50.036571],[14.254355,50.036625],[14.254191,50.036735],[14.254147,50.03699],[14.253235,50.036873],[14.251795,50.036491],[14.251189,50.036412],[14.248737,50.035673],[14.248207,50.035648]]]}},{"type":"Feature","properties":{"id":"municipality-539384","name":"Kněževes","code":"539384","branchIds":["hostivice"],"territoryType":"municipality"},"geometry":{"type":"Polygon","coordinates":[[[14.256255,50.123838],[14.24874,50.121687],[14.246806,50.121207],[14.244093,50.120573],[14.237784,50.119354],[14.238306,50.118149],[14.236948,50.118013],[14.237246,50.117369],[14.236941,50.117324],[14.237354,50.116381],[14.238987,50.116716],[14.23918,50.116306],[14.241513,50.116758],[14.242318,50.115163],[14.242451,50.114634],[14.242422,50.11417],[14.242122,50.113459],[14.24116,50.112105],[14.240681,50.111284],[14.242384,50.111172],[14.244765,50.110069],[14.245313,50.109972],[14.250981,50.110987],[14.253188,50.111518],[14.254875,50.112028],[14.256078,50.112539],[14.25612,50.112853],[14.256363,50.113158],[14.256041,50.113281],[14.257162,50.114564],[14.259052,50.113967],[14.260046,50.113444],[14.273827,50.117583],[14.272394,50.118694],[14.272003,50.119915],[14.271783,50.120194],[14.271881,50.121445],[14.271499,50.121972],[14.271282,50.122435],[14.270804,50.122736],[14.270562,50.123148],[14.270664,50.123488],[14.270484,50.123677],[14.269291,50.122832],[14.268972,50.122795],[14.26801,50.123552],[14.268488,50.123741],[14.267849,50.124439],[14.269444,50.125115],[14.26892,50.125777],[14.267083,50.12539],[14.26311,50.124731],[14.262874,50.125224],[14.257965,50.124308],[14.256255,50.123838]]]}},{"type":"Feature","properties":{"id":"municipality-539708","name":"Středokluky","code":"539708","branchIds":["hostivice"],"territoryType":"municipality"},"geometry":{"type":"Polygon","coordinates":[[[14.236695,50.143671],[14.236002,50.143577],[14.235974,50.143396],[14.235308,50.143528],[14.235523,50.142244],[14.235454,50.142114],[14.235723,50.141186],[14.235126,50.139947],[14.235113,50.138984],[14.234911,50.1387],[14.234249,50.138238],[14.234326,50.138168],[14.233363,50.137551],[14.230104,50.136336],[14.229746,50.137012],[14.229193,50.137179],[14.228231,50.137284],[14.22567,50.137036],[14.226388,50.134794],[14.226038,50.134214],[14.225004,50.13501],[14.22444,50.135108],[14.224247,50.134891],[14.224151,50.134054],[14.226507,50.133783],[14.226672,50.133751],[14.226695,50.133605],[14.225329,50.133361],[14.224793,50.133188],[14.22452,50.133041],[14.22402,50.13234],[14.225892,50.132134],[14.226967,50.131916],[14.225537,50.13178],[14.225308,50.131655],[14.22451,50.131476],[14.224316,50.131316],[14.22398,50.131296],[14.223373,50.130853],[14.223171,50.130839],[14.223182,50.130386],[14.22307,50.129759],[14.22277,50.128493],[14.222593,50.128264],[14.224874,50.128972],[14.226493,50.128396],[14.224892,50.127809],[14.223115,50.127303],[14.223557,50.126477],[14.225447,50.126935],[14.227718,50.127823],[14.228632,50.128018],[14.228977,50.12773],[14.226744,50.127247],[14.221194,50.125709],[14.224822,50.121298],[14.224787,50.1212],[14.225322,50.121352],[14.225929,50.120377],[14.226181,50.120566],[14.226279,50.120544],[14.228803,50.122665],[14.23133,50.117255],[14.23781,50.119306],[14.237784,50.119354],[14.244093,50.120573],[14.246806,50.121207],[14.24874,50.121687],[14.256255,50.123838],[14.255359,50.124369],[14.253676,50.125541],[14.252933,50.125938],[14.251437,50.126607],[14.250357,50.126951],[14.253148,50.128371],[14.253917,50.128668],[14.253245,50.129286],[14.25475,50.130133],[14.25733,50.131369],[14.260047,50.133345],[14.258778,50.133877],[14.257641,50.134208],[14.258408,50.135537],[14.259514,50.135751],[14.259474,50.135802],[14.259808,50.13619],[14.260379,50.136494],[14.26298,50.136625],[14.264108,50.136769],[14.26438,50.136436],[14.264563,50.136487],[14.265215,50.137345],[14.265382,50.1378],[14.265444,50.138133],[14.265278,50.138173],[14.263943,50.138119],[14.26309,50.137957],[14.26274,50.138408],[14.263177,50.138552],[14.263132,50.138663],[14.262409,50.139542],[14.26181,50.139394],[14.261724,50.139439],[14.261288,50.140267],[14.26087,50.140541],[14.260432,50.141277],[14.260114,50.141644],[14.258119,50.14279],[14.256235,50.144742],[14.25394,50.143858],[14.254071,50.143669],[14.253832,50.143456],[14.252445,50.142436],[14.251417,50.141882],[14.250467,50.142517],[14.249262,50.143617],[14.249864,50.14382],[14.248269,50.143825],[14.245686,50.143699],[14.243187,50.143184],[14.243057,50.143247],[14.242869,50.143823],[14.242776,50.143897],[14.24084,50.144265],[14.239659,50.144112],[14.239311,50.143969],[14.238837,50.143544],[14.236695,50.143671]]]}},{"type":"Feature","properties":{"id":"municipality-539872","name":"Zbuzany","code":"539872","branchIds":["rudna"],"territoryType":"municipality"},"geometry":{"type":"Polygon","coordinates":[[[14.271086,50.02242],[14.27068,50.01882],[14.270728,50.018099],[14.273626,50.018792],[14.273708,50.017933],[14.273601,50.017296],[14.271476,50.017307],[14.2718,50.015737],[14.27066,50.015654],[14.270685,50.015387],[14.270109,50.015353],[14.270113,50.015199],[14.26817,50.015098],[14.268468,50.014152],[14.269625,50.014393],[14.270436,50.012924],[14.270604,50.012157],[14.270587,50.011173],[14.269853,50.01115],[14.269483,50.009216],[14.268179,50.00923],[14.268176,50.009027],[14.267926,50.009021],[14.267946,50.007615],[14.267717,50.007592],[14.267755,50.005337],[14.267558,50.004675],[14.26861,50.00435],[14.269097,50.004107],[14.268276,50.003612],[14.268301,50.003395],[14.26815,50.003323],[14.268329,50.003095],[14.269183,50.002459],[14.269615,50.001957],[14.269532,50.001469],[14.268474,50.000893],[14.268721,50.000218],[14.269161,49.9998],[14.269514,49.999614],[14.270323,49.99953],[14.270755,49.999228],[14.270723,49.998904],[14.271007,49.998799],[14.271055,49.998697],[14.270268,49.998192],[14.269819,49.998077],[14.269491,49.997866],[14.269277,49.997582],[14.269573,49.996876],[14.269409,49.996623],[14.269411,49.99639],[14.269302,49.996228],[14.269376,49.995839],[14.269588,49.995627],[14.269887,49.995628],[14.270789,49.995143],[14.272177,49.995161],[14.272367,49.995243],[14.272959,49.995088],[14.274192,49.995399],[14.274522,49.995375],[14.275288,49.995719],[14.275816,49.995835],[14.276407,49.995423],[14.277205,49.995668],[14.27749,49.996001],[14.279003,49.996421],[14.279407,49.996642],[14.27946,49.99675],[14.281586,49.997124],[14.282621,49.997487],[14.282786,49.997632],[14.283955,49.997929],[14.283918,49.997642],[14.284071,49.997157],[14.285422,49.997542],[14.285973,49.997568],[14.285508,49.99689],[14.28524,49.996134],[14.284968,49.995707],[14.284903,49.995429],[14.284949,49.995303],[14.286468,49.995366],[14.288971,49.995628],[14.289729,49.994149],[14.290348,49.993681],[14.290629,49.993787],[14.292878,49.994072],[14.292974,49.994445],[14.292973,49.99495],[14.292892,49.995547],[14.292699,49.996007],[14.292845,49.996042],[14.292629,49.996491],[14.292567,49.996994],[14.290818,49.99679],[14.290356,49.997],[14.289491,49.997892],[14.289548,49.997905],[14.289373,49.998354],[14.291224,49.998583],[14.290375,50.001482],[14.290301,50.002939],[14.288465,50.00278],[14.288387,50.003378],[14.29062,50.003551],[14.290367,50.005593],[14.289949,50.005601],[14.289766,50.007281],[14.289995,50.007296],[14.290201,50.008552],[14.290375,50.009147],[14.289969,50.009192],[14.289936,50.010353],[14.288705,50.010366],[14.288632,50.012026],[14.290105,50.012079],[14.289964,50.013565],[14.289516,50.015428],[14.289431,50.01621],[14.289634,50.018086],[14.28996,50.019438],[14.289364,50.01948],[14.289611,50.02122],[14.288555,50.021334],[14.28886,50.022525],[14.290369,50.022382],[14.291066,50.022207],[14.291693,50.023352],[14.291973,50.024069],[14.293978,50.024125],[14.293951,50.024936],[14.293825,50.02548],[14.289784,50.026794],[14.289335,50.026967],[14.288872,50.02728],[14.288,50.027141],[14.28302,50.026741],[14.280925,50.026409],[14.280812,50.026491],[14.280795,50.026386],[14.273486,50.025098],[14.273188,50.02359],[14.272438,50.023506],[14.272205,50.022359],[14.271086,50.02242]]]}},{"type":"Feature","properties":{"id":"municipality-599433","name":"Svárov","code":"599433","branchIds":["hostivice"],"territoryType":"municipality"},"geometry":{"type":"Polygon","coordinates":[[[14.134285,50.07143],[14.132824,50.071051],[14.133421,50.070134],[14.133815,50.069317],[14.132976,50.068995],[14.13228,50.07002],[14.13142,50.070008],[14.130024,50.069615],[14.131033,50.068255],[14.129813,50.067804],[14.128794,50.067526],[14.128856,50.067107],[14.129074,50.066578],[14.129025,50.06623],[14.129206,50.065545],[14.129208,50.065235],[14.127612,50.065092],[14.126475,50.064849],[14.126098,50.064474],[14.123768,50.063799],[14.117878,50.063076],[14.11678,50.062568],[14.115944,50.061993],[14.115941,50.061628],[14.116062,50.061342],[14.116735,50.060836],[14.116749,50.060675],[14.115306,50.05966],[14.115154,50.05941],[14.115188,50.059174],[14.115997,50.058642],[14.117512,50.057999],[14.120858,50.057245],[14.120335,50.057037],[14.120203,50.056516],[14.120348,50.056218],[14.120144,50.055675],[14.120227,50.055212],[14.119924,50.054862],[14.119553,50.054588],[14.119338,50.054278],[14.119254,50.053832],[14.119344,50.053502],[14.118872,50.053393],[14.117822,50.054307],[14.117551,50.054151],[14.117144,50.053738],[14.115929,50.053193],[14.116113,50.052773],[14.116555,50.05226],[14.117493,50.051795],[14.118906,50.051669],[14.119386,50.051862],[14.119592,50.051824],[14.11989,50.051935],[14.122588,50.052313],[14.124162,50.052361],[14.124255,50.052422],[14.124859,50.052352],[14.124934,50.052602],[14.124739,50.053155],[14.124878,50.053267],[14.125676,50.053236],[14.126318,50.053302],[14.126942,50.05363],[14.128821,50.054286],[14.129664,50.054201],[14.130201,50.053956],[14.130812,50.054017],[14.131376,50.054332],[14.131961,50.054485],[14.132805,50.05488],[14.13373,50.055057],[14.134818,50.055497],[14.135798,50.056021],[14.136643,50.056314],[14.137822,50.056541],[14.138402,50.056583],[14.138454,50.05632],[14.139678,50.056245],[14.140971,50.056029],[14.141084,50.05594],[14.142848,50.055888],[14.142806,50.056036],[14.146312,50.056457],[14.146251,50.056634],[14.147604,50.056374],[14.148903,50.056313],[14.150953,50.056379],[14.153458,50.056574],[14.154394,50.056511],[14.153848,50.0579],[14.153777,50.058259],[14.155505,50.057388],[14.156584,50.057024],[14.15766,50.057604],[14.159856,50.058598],[14.160544,50.059005],[14.160221,50.059565],[14.159097,50.059994],[14.158538,50.060323],[14.158323,50.060325],[14.157542,50.059926],[14.156579,50.059973],[14.15621,50.059969],[14.1562,50.059875],[14.154427,50.059901],[14.154493,50.060838],[14.155974,50.060481],[14.156072,50.060705],[14.155813,50.060899],[14.154517,50.061309],[14.154337,50.061934],[14.155929,50.062816],[14.155369,50.063306],[14.155065,50.063842],[14.154761,50.064184],[14.154532,50.064362],[14.152525,50.065132],[14.152042,50.065646],[14.150521,50.066794],[14.150326,50.067074],[14.150298,50.066912],[14.150665,50.065465],[14.149353,50.065392],[14.148957,50.06677],[14.148722,50.068127],[14.151019,50.06827],[14.1503,50.07012],[14.149986,50.070173],[14.149592,50.070715],[14.150441,50.071045],[14.151019,50.071151],[14.150442,50.07305],[14.146933,50.072671],[14.146867,50.072996],[14.146455,50.072943],[14.146426,50.073213],[14.14599,50.073178],[14.145945,50.074005],[14.143478,50.073908],[14.142544,50.073807],[14.141385,50.073541],[14.139561,50.074143],[14.139324,50.073528],[14.138442,50.073368],[14.138612,50.072981],[14.136957,50.072559],[14.137175,50.072113],[14.134285,50.07143]]]}},{"type":"Feature","properties":{"id":"part-193259","name":"Praha – Sobín","code":"193259","branchIds":["hostivice"],"territoryType":"cadastral","cadastralCode":"793256"},"geometry":{"type":"Polygon","coordinates":[[[14.258053,50.071517],[14.2578,50.070832],[14.25799,50.069524],[14.258229,50.069045],[14.25819,50.068562],[14.258259,50.067825],[14.259111,50.067522],[14.258716,50.064424],[14.256847,50.06404],[14.254151,50.063148],[14.253823,50.063013],[14.2536,50.062731],[14.253309,50.062565],[14.24756,50.062224],[14.247823,50.061099],[14.24774,50.059722],[14.248087,50.058308],[14.249456,50.057945],[14.250105,50.057623],[14.250848,50.056769],[14.251298,50.056894],[14.25357,50.057133],[14.255598,50.057087],[14.255895,50.056262],[14.2565,50.055537],[14.257231,50.054423],[14.258117,50.054563],[14.262305,50.05553],[14.264034,50.05288],[14.264308,50.052332],[14.267356,50.053054],[14.270117,50.054204],[14.270885,50.054338],[14.271566,50.054333],[14.271724,50.055443],[14.272185,50.055455],[14.27236,50.054296],[14.273472,50.05452],[14.273211,50.05539],[14.275078,50.055785],[14.274524,50.056791],[14.273583,50.05644],[14.273204,50.056713],[14.275118,50.058001],[14.276153,50.058268],[14.276193,50.0582],[14.276589,50.058247],[14.276516,50.058621],[14.276658,50.058648],[14.276577,50.059087],[14.276385,50.059382],[14.275519,50.059268],[14.274141,50.059352],[14.274262,50.060369],[14.274369,50.063437],[14.274201,50.064242],[14.274136,50.065702],[14.273686,50.066896],[14.275847,50.067377],[14.279225,50.068525],[14.279045,50.068838],[14.278704,50.069844],[14.278477,50.069864],[14.278538,50.070054],[14.278788,50.070344],[14.278656,50.07084],[14.278557,50.070919],[14.27825,50.070872],[14.277789,50.071391],[14.276302,50.07223],[14.275302,50.073087],[14.266755,50.072628],[14.258053,50.071517]]]}},{"type":"Feature","properties":{"id":"part-400351","name":"Praha – Zličín","code":"400351","branchIds":["rudna","hostivice"],"territoryType":"cadastral","cadastralCode":"793264"},"geometry":{"type":"Polygon","coordinates":[[[14.278557,50.070919],[14.278716,50.07073],[14.278788,50.070344],[14.278538,50.070054],[14.278477,50.069864],[14.278704,50.069844],[14.279045,50.068838],[14.279225,50.068525],[14.275847,50.067377],[14.273686,50.066896],[14.274136,50.065702],[14.274201,50.064242],[14.274369,50.063437],[14.274262,50.060369],[14.274141,50.059352],[14.275519,50.059268],[14.276385,50.059382],[14.276577,50.059087],[14.276658,50.058648],[14.276516,50.058621],[14.276589,50.058247],[14.276193,50.0582],[14.276153,50.058268],[14.275118,50.058001],[14.273204,50.056713],[14.273583,50.05644],[14.274524,50.056791],[14.275078,50.055785],[14.273211,50.05539],[14.273472,50.05452],[14.27236,50.054296],[14.272185,50.055455],[14.271724,50.055443],[14.271566,50.054333],[14.271633,50.054319],[14.271864,50.053758],[14.272311,50.053085],[14.27898,50.054808],[14.280323,50.055302],[14.281237,50.055365],[14.281295,50.055171],[14.280867,50.054036],[14.280866,50.052963],[14.281933,50.053061],[14.282207,50.052105],[14.284453,50.052354],[14.283918,50.055289],[14.283681,50.056004],[14.286278,50.057278],[14.287429,50.057679],[14.287515,50.057567],[14.285737,50.056812],[14.28587,50.056648],[14.288278,50.05731],[14.291276,50.057967],[14.294991,50.058327],[14.295588,50.05739],[14.295919,50.056485],[14.296587,50.055442],[14.29715,50.054984],[14.304698,50.057303],[14.30444,50.060852],[14.303048,50.061531],[14.302863,50.062026],[14.302129,50.062025],[14.30082,50.062706],[14.300959,50.062892],[14.300742,50.062879],[14.299322,50.063714],[14.299381,50.063779],[14.298999,50.063961],[14.298037,50.064628],[14.297222,50.064936],[14.29714,50.065337],[14.296441,50.065209],[14.294956,50.065953],[14.294738,50.065807],[14.293031,50.066641],[14.292845,50.067272],[14.292403,50.068205],[14.291747,50.070166],[14.29191,50.070171],[14.291606,50.07133],[14.291594,50.072263],[14.291296,50.074516],[14.291346,50.074938],[14.292004,50.075886],[14.292538,50.076441],[14.293516,50.077138],[14.293497,50.077244],[14.293207,50.077514],[14.292572,50.077294],[14.289851,50.077138],[14.289874,50.076912],[14.289336,50.076927],[14.289286,50.076856],[14.289217,50.076756],[14.289644,50.07649],[14.289974,50.075946],[14.290131,50.075221],[14.29012,50.07494],[14.290374,50.074935],[14.29039,50.073869],[14.290193,50.073178],[14.288308,50.073412],[14.285323,50.073495],[14.284484,50.073589],[14.282434,50.074305],[14.28181,50.073727],[14.281095,50.073276],[14.280325,50.073113],[14.279046,50.072982],[14.277263,50.072986],[14.278028,50.072283],[14.277583,50.072116],[14.277894,50.072001],[14.277962,50.071916],[14.277911,50.071877],[14.278372,50.071355],[14.278345,50.071194],[14.278452,50.071142],[14.278557,50.070919]]]}},{"type":"Feature","properties":{"id":"part-400394","name":"Praha – Ruzyně","code":"400394","branchIds":["hostivice"],"territoryType":"cadastral","cadastralCode":"729710"},"geometry":{"type":"Polygon","coordinates":[[[14.273827,50.117583],[14.260046,50.113444],[14.259052,50.113967],[14.257162,50.114564],[14.256041,50.113281],[14.256363,50.113158],[14.25612,50.112853],[14.256078,50.112539],[14.254875,50.112028],[14.253188,50.111518],[14.250981,50.110987],[14.246057,50.11008],[14.245313,50.109972],[14.244942,50.110002],[14.242384,50.111172],[14.240493,50.111298],[14.239914,50.111436],[14.239125,50.111772],[14.238807,50.111799],[14.238295,50.111488],[14.238105,50.111582],[14.238015,50.111503],[14.238155,50.111439],[14.237057,50.110509],[14.237015,50.110221],[14.237195,50.109625],[14.237611,50.108796],[14.237935,50.108542],[14.238992,50.108009],[14.239401,50.107505],[14.239324,50.107282],[14.237713,50.106765],[14.237425,50.106737],[14.237196,50.10683],[14.23678,50.107303],[14.236325,50.107343],[14.231016,50.10575],[14.230857,50.105604],[14.230759,50.105234],[14.230502,50.105089],[14.227883,50.104348],[14.225595,50.104053],[14.224592,50.103214],[14.224445,50.102912],[14.226107,50.100589],[14.226277,50.100453],[14.226528,50.100392],[14.232888,50.102264],[14.233553,50.102213],[14.236043,50.101157],[14.236954,50.101026],[14.237723,50.101231],[14.238442,50.101846],[14.238877,50.102028],[14.246077,50.10291],[14.246621,50.102907],[14.247176,50.102783],[14.247224,50.102854],[14.24698,50.102917],[14.246911,50.103104],[14.24984,50.103469],[14.258346,50.099384],[14.255131,50.098827],[14.254664,50.098661],[14.254183,50.098269],[14.253997,50.097781],[14.254171,50.097314],[14.25444,50.097063],[14.254795,50.096863],[14.255351,50.096716],[14.260266,50.096607],[14.260602,50.096563],[14.261001,50.096291],[14.261096,50.087095],[14.265152,50.087288],[14.268273,50.085747],[14.268728,50.086045],[14.270961,50.086137],[14.272631,50.087578],[14.273348,50.087619],[14.274478,50.085781],[14.274498,50.084539],[14.275255,50.081072],[14.277496,50.081112],[14.281641,50.081619],[14.28261,50.081663],[14.283928,50.081586],[14.285335,50.081209],[14.285038,50.079141],[14.285011,50.078261],[14.287921,50.077665],[14.287931,50.07721],[14.289375,50.077137],[14.289336,50.076927],[14.289874,50.076912],[14.289851,50.077138],[14.292572,50.077294],[14.293294,50.077562],[14.293645,50.077235],[14.295136,50.077496],[14.295792,50.077314],[14.296266,50.077012],[14.29626,50.076949],[14.298652,50.076945],[14.300245,50.076848],[14.304245,50.077142],[14.306473,50.076907],[14.31381,50.075766],[14.313832,50.075831],[14.314871,50.075854],[14.3149,50.07601],[14.317726,50.075897],[14.318114,50.075975],[14.318478,50.075872],[14.318583,50.076023],[14.318836,50.076047],[14.320029,50.075772],[14.31999,50.076199],[14.321681,50.076238],[14.321768,50.076299],[14.321791,50.076232],[14.323698,50.076152],[14.323656,50.076774],[14.324661,50.079402],[14.324967,50.079459],[14.325137,50.07981],[14.325236,50.079852],[14.325176,50.079937],[14.325392,50.080679],[14.321215,50.081475],[14.320535,50.082012],[14.320514,50.082173],[14.320703,50.083142],[14.321938,50.084515],[14.324239,50.08515],[14.324375,50.085207],[14.324336,50.085279],[14.325292,50.085758],[14.325128,50.085822],[14.325443,50.086398],[14.325407,50.086596],[14.325547,50.086605],[14.325759,50.087189],[14.323722,50.08705],[14.323588,50.087889],[14.322756,50.08773],[14.323536,50.088989],[14.323631,50.089684],[14.323811,50.089931],[14.323072,50.089914],[14.321878,50.090137],[14.319111,50.090353],[14.315631,50.0913],[14.314429,50.09199],[14.312067,50.091609],[14.308439,50.090759],[14.307955,50.091695],[14.308167,50.09166],[14.308151,50.091739],[14.308246,50.09176],[14.308221,50.091913],[14.307926,50.092341],[14.307811,50.092391],[14.305187,50.092074],[14.305006,50.092539],[14.303927,50.092357],[14.30373,50.092393],[14.30351,50.093021],[14.304132,50.093134],[14.303928,50.094287],[14.305448,50.09445],[14.307452,50.09434],[14.307534,50.094787],[14.307293,50.095124],[14.307965,50.095095],[14.309593,50.094796],[14.30999,50.09574],[14.308181,50.09575],[14.308237,50.096481],[14.30812,50.096836],[14.304558,50.096508],[14.30454,50.096715],[14.302381,50.096488],[14.302147,50.096576],[14.302171,50.096861],[14.301724,50.09751],[14.303318,50.097814],[14.303077,50.098278],[14.300977,50.098017],[14.300954,50.098616],[14.298646,50.098163],[14.298386,50.097312],[14.298231,50.09573],[14.298138,50.09559],[14.29693,50.095152],[14.296513,50.0955],[14.296239,50.096039],[14.296172,50.096508],[14.296288,50.096737],[14.296263,50.096989],[14.296044,50.097181],[14.29597,50.097445],[14.294993,50.102719],[14.294348,50.104688],[14.293625,50.106272],[14.292832,50.107676],[14.291496,50.109536],[14.290057,50.1112],[14.289018,50.112081],[14.288786,50.112473],[14.288783,50.11277],[14.288706,50.112845],[14.288565,50.112828],[14.2887,50.112956],[14.288225,50.113303],[14.287914,50.113154],[14.287838,50.113195],[14.288152,50.113351],[14.286844,50.114248],[14.286887,50.114581],[14.287178,50.114729],[14.287187,50.114868],[14.285561,50.115627],[14.285278,50.115674],[14.284664,50.11547],[14.282008,50.117227],[14.27884,50.119081],[14.273827,50.117583]]]}},{"type":"Feature","properties":{"id":"part-400483","name":"Praha – Řepy","code":"400483","branchIds":["hostivice"],"territoryType":"cadastral","cadastralCode":"729701"},"geometry":{"type":"Polygon","coordinates":[[[14.322253,50.065143],[14.322218,50.065265],[14.322047,50.065246],[14.321764,50.065388],[14.321722,50.065507],[14.322486,50.066538],[14.322753,50.067162],[14.32252,50.0683],[14.322416,50.068473],[14.322523,50.068503],[14.322534,50.06925],[14.322675,50.070152],[14.322868,50.070695],[14.322808,50.070965],[14.322537,50.071219],[14.32222,50.071703],[14.322201,50.072182],[14.321743,50.073138],[14.321725,50.073495],[14.32207,50.073373],[14.322337,50.073102],[14.323107,50.073284],[14.323308,50.073195],[14.324589,50.07349],[14.324872,50.073741],[14.324915,50.073878],[14.325558,50.074038],[14.32539,50.07447],[14.325393,50.074741],[14.325548,50.074803],[14.325485,50.074859],[14.325497,50.075106],[14.325705,50.076208],[14.32479,50.076249],[14.323884,50.076144],[14.321791,50.076232],[14.321768,50.076299],[14.321681,50.076238],[14.31999,50.076199],[14.320029,50.075772],[14.318836,50.076047],[14.318583,50.076023],[14.318478,50.075872],[14.318114,50.075975],[14.317726,50.075897],[14.3149,50.07601],[14.314871,50.075854],[14.313832,50.075831],[14.31381,50.075766],[14.306473,50.076907],[14.304245,50.077142],[14.300245,50.076848],[14.298652,50.076945],[14.29626,50.076949],[14.296266,50.077012],[14.295792,50.077314],[14.295136,50.077496],[14.293645,50.077235],[14.293294,50.077562],[14.293188,50.077549],[14.293497,50.077244],[14.293516,50.077138],[14.292454,50.076359],[14.292004,50.075886],[14.291346,50.074938],[14.291306,50.074218],[14.291594,50.072263],[14.291606,50.07133],[14.29191,50.070171],[14.291747,50.070166],[14.292403,50.068205],[14.292845,50.067272],[14.293031,50.066641],[14.294738,50.065807],[14.294956,50.065953],[14.296441,50.065209],[14.29714,50.065337],[14.297222,50.064936],[14.298037,50.064628],[14.298999,50.063961],[14.299381,50.063779],[14.299322,50.063714],[14.300742,50.062879],[14.300959,50.062892],[14.30082,50.062706],[14.302129,50.062025],[14.302863,50.062026],[14.303048,50.061531],[14.304371,50.060871],[14.3097,50.061752],[14.312817,50.06249],[14.314123,50.062807],[14.315196,50.063172],[14.317393,50.064281],[14.31836,50.064606],[14.319623,50.064879],[14.322253,50.065143]]]}},{"type":"Feature","properties":{"id":"part-490211","name":"Praha – Třebonice","code":"490211","branchIds":["rudna"],"territoryType":"cadastral","cadastralCode":"770353"},"geometry":{"type":"Polygon","coordinates":[[[14.27162,50.05427],[14.271461,50.053611],[14.271499,50.05308],[14.272637,50.050611],[14.271002,50.049453],[14.270008,50.049214],[14.268264,50.049138],[14.268175,50.048691],[14.269279,50.048651],[14.269948,50.048436],[14.270302,50.048201],[14.270571,50.047904],[14.270637,50.047767],[14.270564,50.047747],[14.270995,50.04709],[14.271079,50.046756],[14.270915,50.046611],[14.270468,50.046481],[14.270499,50.04629],[14.271002,50.046313],[14.270296,50.044864],[14.270121,50.044291],[14.270171,50.044112],[14.269881,50.043363],[14.268643,50.043336],[14.268663,50.043034],[14.269227,50.042748],[14.269507,50.04192],[14.269491,50.041723],[14.270101,50.040097],[14.271076,50.038573],[14.271862,50.037588],[14.273007,50.036535],[14.274143,50.035718],[14.275192,50.035108],[14.279831,50.033092],[14.282065,50.031892],[14.282382,50.031497],[14.285849,50.028837],[14.287222,50.02796],[14.287311,50.027988],[14.288747,50.027292],[14.290005,50.027518],[14.290714,50.027755],[14.294911,50.029545],[14.294981,50.029622],[14.29451,50.030065],[14.2942,50.03049],[14.293227,50.032466],[14.292542,50.034577],[14.291872,50.036118],[14.291761,50.036976],[14.291926,50.037565],[14.291745,50.037707],[14.287229,50.037636],[14.28453,50.037753],[14.285569,50.038622],[14.28287,50.038816],[14.283018,50.039832],[14.283032,50.040544],[14.283462,50.042705],[14.286687,50.042314],[14.287088,50.043599],[14.287532,50.043546],[14.289397,50.042982],[14.290927,50.042096],[14.290865,50.041965],[14.291059,50.04182],[14.291904,50.041437],[14.292554,50.041289],[14.29471,50.040527],[14.295563,50.043273],[14.29763,50.042973],[14.299237,50.043031],[14.299918,50.043165],[14.300293,50.043325],[14.301281,50.044019],[14.301089,50.045065],[14.301187,50.045655],[14.301168,50.046335],[14.301377,50.04645],[14.301329,50.04721],[14.301011,50.049256],[14.300645,50.049253],[14.299971,50.050415],[14.299303,50.050382],[14.299164,50.051342],[14.298569,50.051307],[14.298139,50.052773],[14.298091,50.053767],[14.297989,50.054067],[14.297834,50.054337],[14.296591,50.055436],[14.295919,50.056485],[14.295588,50.05739],[14.294991,50.058327],[14.291276,50.057967],[14.288278,50.05731],[14.28587,50.056648],[14.285737,50.056812],[14.287515,50.057567],[14.287429,50.057679],[14.286278,50.057278],[14.283681,50.056004],[14.283918,50.055289],[14.284453,50.052354],[14.282207,50.052105],[14.281933,50.053061],[14.280866,50.052963],[14.280867,50.054036],[14.281295,50.055171],[14.281237,50.055365],[14.280323,50.055302],[14.27898,50.054808],[14.272311,50.053085],[14.27162,50.05427]]]}}]}
